device_id,date,has_results
3494540048AC
3494540045EC
0CDC7E3D8B7C
0CDC7E3DB688
0CDC7E3DE3F0
349454002C8C,2022-11-05,1
349454002C8C,2022-11-04,1
349454002C8C,2022-11-03,1
349454002C8C,2022-11-02,1
349454002C8C,2022-11-01,1
0CDC7E3E1DD0,2022-11-14,1
0CDC7E3E1DD0,2022-11-13,1
0CDC7E3E1DD0,2022-11-12,1
0CDC7E3E1DD0,2022-11-11,1
0CDC7E3E1DD0,2022-11-10,1
0CDC7E3DB250,2022-11-25,1
0CDC7E3DB250,2022-11-24,1
0CDC7E3DB250,2022-11-23,1
0CDC7E3DB250,2022-11-22,1
0CDC7E3DB250,2022-11-21,1
0CDC7E3DB250,2022-11-20,1
0CDC7E3DB250,2022-11-19,1
0CDC7E3DB250,2022-11-18,1
0CDC7E3DB250,2022-11-17,1
0CDC7E3DB250,2022-11-16,1
0CDC7E3DB250,2022-11-15,1
0CDC7E3DB250,2022-11-14,1
0CDC7E3DB250,2022-11-13,1
0CDC7E3DB250,2022-11-12,1
0CDC7E3DB250,2022-11-11,1
0CDC7E3DB250,2022-11-10,1
0CDC7E3DB250,2022-11-09,1
0CDC7E3DB250,2022-11-08,1
0CDC7E3DB250,2022-11-07,1
0CDC7E3DB250,2022-11-06,1
0CDC7E3DB250,2022-11-05,1
0CDC7E3DB250,2022-11-04,1
0CDC7E3DB250,2022-11-03,1
0CDC7E3DB250,2022-11-02,1
0CDC7E3DB250,2022-11-01,1
0CDC7E3CAC70,2022-11-28,1
0CDC7E3CAC70,2022-11-27,1
0CDC7E3CAC70,2022-11-26,1
0CDC7E3CAC70,2022-11-25,1
0CDC7E3CAC70,2022-11-24,1
0CDC7E3CAC70,2022-11-23,1
0CDC7E3CAC70,2022-11-22,1
0CDC7E3CAC70,2022-11-21,1
0CDC7E3CAC70,2022-11-20,1
0CDC7E3CAC70,2022-11-19,1
0CDC7E3CAC70,2022-11-18,1
0CDC7E3CAC70,2022-11-17,1
0CDC7E3CAC70,2022-11-15,1
0CDC7E3CAC70,2022-11-14,1
0CDC7E3CAC70,2022-11-13,1
0CDC7E3CAC70,2022-11-11,1
0CDC7E3CAC70,2022-11-10,1
0CDC7E3CAC70,2022-11-09,1
0CDC7E3CAC70,2022-11-08,1
0CDC7E3CAC70,2022-11-07,1
0CDC7E3CAC70,2022-11-06,1
0CDC7E3CAC70,2022-11-05,1
0CDC7E3CAC70,2022-11-04,1
0CDC7E3CAC70,2022-11-03,1
0CDC7E3CAC70,2022-11-02,1
0CDC7E3CAC70,2022-11-01,1
349454002C54,2022-11-25,1
349454002C54,2022-11-24,1
349454002C54,2022-11-23,1
349454002C54,2022-11-22,1
349454002C54,2022-11-21,1
349454002C54,2022-11-20,1
349454002C54,2022-11-19,1
349454002C54,2022-11-18,1
349454002C54,2022-11-17,1
349454002C54,2022-11-16,1
349454002C54,2022-11-15,1
349454002C54,2022-11-14,1
349454002C54,2022-11-13,1
349454002C54,2022-11-12,1
349454002C54,2022-11-11,1
349454002C54,2022-11-10,1
349454002C54,2022-11-09,1
349454002C54,2022-11-08,1
349454002C54,2022-11-07,1
349454002C54,2022-11-06,1
349454002C54,2022-11-05,1
349454002C54,2022-11-04,1
349454002C54,2022-11-03,1
349454002C54,2022-11-02,1
349454002C54,2022-11-01,1
3494540052A0,2022-11-28,1
3494540052A0,2022-11-27,1
3494540052A0,2022-11-26,1
3494540052A0,2022-11-25,1
3494540052A0,2022-11-24,1
3494540052A0,2022-11-23,1
3494540052A0,2022-11-22,1
3494540052A0,2022-11-18,1
3494540052A0,2022-11-17,1
3494540052A0,2022-11-16,1
3494540052A0,2022-11-15,1
3494540029D8,2022-11-30,1
3494540029D8,2022-11-29,1
3494540029D8,2022-11-28,1
3494540029D8,2022-11-27,1
3494540029D8,2022-11-26,1
3494540029D8,2022-11-25,1
3494540029D8,2022-11-24,1
3494540029D8,2022-11-23,1
3494540029D8,2022-11-22,1
3494540029D8,2022-11-21,1
3494540029D8,2022-11-20,1
3494540029D8,2022-11-19,1
3494540029D8,2022-11-18,1
3494540029D8,2022-11-17,1
3494540029D8,2022-11-16,1
3494540029D8,2022-11-15,1
3494540029D8,2022-11-14,1
3494540029D8,2022-11-13,1
3494540029D8,2022-11-12,1
3494540029D8,2022-11-11,1
3494540029D8,2022-11-10,1
3494540029D8,2022-11-09,1
3494540029D8,2022-11-08,1
3494540029D8,2022-11-07,1
3494540029D8,2022-11-06,1
3494540029D8,2022-11-05,1
3494540029D8,2022-11-04,1
3494540029D8,2022-11-03,1
3494540029D8,2022-11-02,1
3494540029D8,2022-11-01,1
A848FA94359C,2022-11-30,1
A848FA94359C,2022-11-29,1
A848FA94359C,2022-11-28,1
A848FA94359C,2022-11-27,1
A848FA94359C,2022-11-26,1
A848FA94359C,2022-11-25,1
A848FA94359C,2022-11-24,1
A848FA94359C,2022-11-23,1
A848FA94359C,2022-11-22,1
A848FA94359C,2022-11-21,1
A848FA94359C,2022-11-20,1
A848FA94359C,2022-11-19,1
A848FA94359C,2022-11-18,1
A848FA94359C,2022-11-17,1
A848FA94359C,2022-11-16,1
A848FA94359C,2022-11-15,1
A848FA94359C,2022-11-14,1
A848FA94359C,2022-11-13,1
A848FA94359C,2022-11-12,1
A848FA94359C,2022-11-11,1
A848FA94359C,2022-11-10,1
A848FA94359C,2022-11-09,1
A848FA94359C,2022-11-08,1
A848FA94359C,2022-11-07,1
A848FA94359C,2022-11-06,1
A848FA94359C,2022-11-05,1
A848FA94359C,2022-11-04,1
A848FA94359C,2022-11-03,1
A848FA94359C,2022-11-02,1
A848FA94359C,2022-11-01,1
A848FA92A434,2022-11-28,1
A848FA92A434,2022-11-27,1
A848FA92A434,2022-11-26,1
A848FA92A434,2022-11-25,1
A848FA92A434,2022-11-24,1
A848FA92A434,2022-11-21,1
A848FA92A434,2022-11-20,1
A848FA92A434,2022-11-19,1
A848FA92A434,2022-11-18,1
A848FA92A434,2022-11-17,1
A848FA92A434,2022-11-16,1
A848FA92A434,2022-11-15,1
A848FA92A434,2022-11-14,1
A848FA92A434,2022-11-13,1
A848FA92A434,2022-11-12,1
A848FA92A434,2022-11-11,1
A848FA92A434,2022-11-10,1
A848FA92A434,2022-11-09,1
A848FA92A434,2022-11-08,1
A848FA92A434,2022-11-07,1
A848FA92A434,2022-11-06,1
A848FA92A434,2022-11-05,1
A848FA92A434,2022-11-04,1
A848FA92A434,2022-11-03,1
A848FA92A434,2022-11-02,1
A848FA92A434,2022-11-01,1
349454004000,2022-11-29,1
349454004000,2022-11-28,1
349454004000,2022-11-24,1
349454004000,2022-11-23,1
349454004000,2022-11-22,1
349454004000,2022-11-21,1
349454004000,2022-11-18,1
349454004000,2022-11-17,1
349454004000,2022-11-16,1
349454004000,2022-11-15,1
349454004000,2022-11-14,1
349454004000,2022-11-10,1
0CDC7E3DA61C,2022-11-30,1
0CDC7E3DA61C,2022-11-29,1
0CDC7E3DA61C,2022-11-28,1
0CDC7E3DA61C,2022-11-27,1
0CDC7E3DA61C,2022-11-26,1
0CDC7E3DA61C,2022-11-25,1
0CDC7E3DA61C,2022-11-24,1
0CDC7E3DA61C,2022-11-15,1
0CDC7E3DA61C,2022-11-14,1
0CDC7E3DA61C,2022-11-13,1
0CDC7E3DA61C,2022-11-12,1
0CDC7E3DA61C,2022-11-11,1
0CDC7E3DA61C,2022-11-10,1
0CDC7E3DA61C,2022-11-09,1
0CDC7E3DA61C,2022-11-08,1
0CDC7E3DA61C,2022-11-07,1
0CDC7E3DA61C,2022-11-06,1
0CDC7E3DA61C,2022-11-05,1
0CDC7E3DA61C,2022-11-04,1
0CDC7E3DA61C,2022-11-03,1
0CDC7E3DA61C,2022-11-02,1
0CDC7E3DA61C,2022-11-01,1
0CDC7E3EDAC0,2022-11-30,1
0CDC7E3EDAC0,2022-11-29,1
0CDC7E3EDAC0,2022-11-28,1
0CDC7E3EDAC0,2022-11-27,1
0CDC7E3EDAC0,2022-11-26,1
0CDC7E3EDAC0,2022-11-25,1
0CDC7E3EDAC0,2022-11-24,1
0CDC7E3EDAC0,2022-11-23,1
0CDC7E3EDAC0,2022-11-22,1
0CDC7E3EDAC0,2022-11-21,1
0CDC7E3EDAC0,2022-11-20,1
0CDC7E3EDAC0,2022-11-19,1
0CDC7E3EDAC0,2022-11-18,1
0CDC7E3EDAC0,2022-11-17,1
0CDC7E3EDAC0,2022-11-16,1
0CDC7E3EDAC0,2022-11-15,1
0CDC7E3EDAC0,2022-11-14,1
0CDC7E3EDAC0,2022-11-13,1
0CDC7E3EDAC0,2022-11-12,1
0CDC7E3EDAC0,2022-11-11,1
0CDC7E3EDAC0,2022-11-10,1
0CDC7E3EDAC0,2022-11-09,1
0CDC7E3EDAC0,2022-11-08,1
0CDC7E3EDAC0,2022-11-07,1
0CDC7E3EDAC0,2022-11-06,1
0CDC7E3EDAC0,2022-11-05,1
0CDC7E3EDAC0,2022-11-04,1
0CDC7E3EDAC0,2022-11-03,1
0CDC7E3EDAC0,2022-11-02,1
0CDC7E3EDAC0,2022-11-01,1
A848FA930B44,2022-11-30,1
A848FA930B44,2022-11-29,1
A848FA930B44,2022-11-28,1
A848FA930B44,2022-11-27,1
A848FA930B44,2022-11-26,1
A848FA930B44,2022-11-25,1
A848FA930B44,2022-11-24,1
A848FA930B44,2022-11-23,1
A848FA930B44,2022-11-22,1
A848FA930B44,2022-11-21,1
A848FA930B44,2022-11-20,1
A848FA930B44,2022-11-19,1
A848FA930B44,2022-11-18,1
A848FA930B44,2022-11-17,1
A848FA930B44,2022-11-16,1
A848FA930B44,2022-11-15,1
A848FA930B44,2022-11-14,1
A848FA930B44,2022-11-13,1
A848FA930B44,2022-11-12,1
A848FA930B44,2022-11-11,1
A848FA930B44,2022-11-10,1
A848FA930B44,2022-11-09,1
A848FA930B44,2022-11-08,1
A848FA930B44,2022-11-07,1
A848FA930B44,2022-11-06,1
A848FA930B44,2022-11-05,1
A848FA930B44,2022-11-04,1
A848FA930B44,2022-11-03,1
A848FA930B44,2022-11-02,1
A848FA930B44,2022-11-01,1
0CDC7E3EFA3C,2022-11-30,1
0CDC7E3EFA3C,2022-11-29,1
0CDC7E3EFA3C,2022-11-28,1
0CDC7E3EFA3C,2022-11-27,1
0CDC7E3EFA3C,2022-11-26,1
0CDC7E3EFA3C,2022-11-25,1
0CDC7E3EFA3C,2022-11-24,1
0CDC7E3EFA3C,2022-11-23,1
0CDC7E3EFA3C,2022-11-22,1
0CDC7E3EFA3C,2022-11-21,1
0CDC7E3EFA3C,2022-11-20,1
0CDC7E3EFA3C,2022-11-19,1
0CDC7E3EFA3C,2022-11-18,1
0CDC7E3EFA3C,2022-11-17,1
0CDC7E3EFA3C,2022-11-16,1
0CDC7E3EFA3C,2022-11-15,1
0CDC7E3EFA3C,2022-11-14,1
0CDC7E3EFA3C,2022-11-13,1
0CDC7E3EFA3C,2022-11-12,1
0CDC7E3EFA3C,2022-11-11,1
0CDC7E3EFA3C,2022-11-10,1
0CDC7E3EFA3C,2022-11-09,1
0CDC7E3EFA3C,2022-11-08,1
0CDC7E3EFA3C,2022-11-07,1
0CDC7E3EFA3C,2022-11-06,1
0CDC7E3EFA3C,2022-11-05,1
0CDC7E3EFA3C,2022-11-04,1
0CDC7E3EFA3C,2022-11-03,1
0CDC7E3EFA3C,2022-11-02,1
0CDC7E3EFA3C,2022-11-01,1
0CDC7E3DED24,2022-11-30,1
0CDC7E3DED24,2022-11-29,1
0CDC7E3DED24,2022-11-28,1
0CDC7E3DED24,2022-11-27,1
0CDC7E3DED24,2022-11-26,1
0CDC7E3DED24,2022-11-25,1
0CDC7E3DED24,2022-11-24,1
0CDC7E3DED24,2022-11-23,1
0CDC7E3DED24,2022-11-22,1
0CDC7E3DED24,2022-11-21,1
0CDC7E3DED24,2022-11-20,1
0CDC7E3DED24,2022-11-19,1
0CDC7E3DED24,2022-11-18,1
0CDC7E3DED24,2022-11-17,1
0CDC7E3DED24,2022-11-16,1
0CDC7E3DED24,2022-11-15,1
0CDC7E3DED24,2022-11-14,1
0CDC7E3DED24,2022-11-13,1
0CDC7E3DED24,2022-11-12,1
0CDC7E3DED24,2022-11-11,1
0CDC7E3DED24,2022-11-10,1
0CDC7E3DED24,2022-11-09,1
0CDC7E3DED24,2022-11-08,1
0CDC7E3DED24,2022-11-07,1
0CDC7E3DED24,2022-11-06,1
0CDC7E3DED24,2022-11-05,1
0CDC7E3DED24,2022-11-04,1
0CDC7E3DED24,2022-11-03,1
0CDC7E3DED24,2022-11-02,1
0CDC7E3DED24,2022-11-01,1
349454004704,2022-11-30,1
349454004704,2022-11-29,1
349454004704,2022-11-28,1
349454004704,2022-11-27,1
349454004704,2022-11-26,1
349454004704,2022-11-25,1
349454004704,2022-11-24,1
349454004704,2022-11-23,1
349454004704,2022-11-22,1
349454004704,2022-11-21,1
349454004704,2022-11-20,1
349454004704,2022-11-19,1
349454004704,2022-11-18,1
349454004704,2022-11-17,1
349454004704,2022-11-16,1
349454004704,2022-11-15,1
349454004704,2022-11-14,1
349454004704,2022-11-13,1
349454004704,2022-11-12,1
349454004704,2022-11-11,1
349454004704,2022-11-10,1
349454004704,2022-11-09,1
349454004704,2022-11-08,1
349454004704,2022-11-07,1
349454004704,2022-11-06,1
349454004704,2022-11-05,1
349454004704,2022-11-04,1
349454004704,2022-11-03,1
349454004704,2022-11-02,1
349454004704,2022-11-01,1
349454004210,2022-11-30,1
349454004210,2022-11-29,1
349454004210,2022-11-28,1
349454004210,2022-11-27,1
349454004210,2022-11-26,1
349454004210,2022-11-25,1
349454004210,2022-11-24,1
349454004210,2022-11-23,1
349454004210,2022-11-22,1
349454004210,2022-11-21,1
349454004210,2022-11-20,1
349454004210,2022-11-19,1
349454004210,2022-11-18,1
349454004210,2022-11-17,1
349454004210,2022-11-16,1
349454004210,2022-11-15,1
349454004210,2022-11-14,1
349454004210,2022-11-13,1
349454004210,2022-11-12,1
349454004210,2022-11-11,1
349454004210,2022-11-10,1
A848FA93F400,2022-11-30,1
A848FA93F400,2022-11-29,1
A848FA93F400,2022-11-28,1
A848FA93F400,2022-11-27,1
A848FA93F400,2022-11-26,1
A848FA93F400,2022-11-25,1
A848FA93F400,2022-11-24,1
A848FA93F400,2022-11-23,1
A848FA93F400,2022-11-22,1
A848FA93F400,2022-11-21,1
A848FA93F400,2022-11-20,1
A848FA93F400,2022-11-19,1
A848FA93F400,2022-11-18,1
A848FA93F400,2022-11-17,1
A848FA93F400,2022-11-16,1
A848FA93F400,2022-11-15,1
A848FA93F400,2022-11-14,1
A848FA93F400,2022-11-13,1
A848FA93F400,2022-11-12,1
A848FA93F400,2022-11-11,1
A848FA93F400,2022-11-10,1
A848FA93F400,2022-11-09,1
A848FA93F400,2022-11-08,1
A848FA93F400,2022-11-07,1
A848FA93F400,2022-11-06,1
A848FA93F400,2022-11-05,1
A848FA93F400,2022-11-04,1
A848FA93F400,2022-11-03,1
A848FA93F400,2022-11-02,1
A848FA93F400,2022-11-01,1
0CDC7E3DD45C,2022-11-30,1
0CDC7E3DD45C,2022-11-29,1
0CDC7E3DD45C,2022-11-28,1
0CDC7E3DD45C,2022-11-27,1
0CDC7E3DD45C,2022-11-26,1
0CDC7E3DD45C,2022-11-25,1
0CDC7E3DD45C,2022-11-24,1
0CDC7E3DD45C,2022-11-23,1
0CDC7E3DD45C,2022-11-22,1
0CDC7E3DD45C,2022-11-21,1
0CDC7E3DD45C,2022-11-20,1
0CDC7E3DD45C,2022-11-19,1
0CDC7E3DD45C,2022-11-18,1
0CDC7E3DD45C,2022-11-17,1
0CDC7E3DD45C,2022-11-16,1
0CDC7E3DD45C,2022-11-15,1
0CDC7E3DD45C,2022-11-14,1
0CDC7E3DD45C,2022-11-13,1
0CDC7E3DD45C,2022-11-12,1
0CDC7E3DD45C,2022-11-11,1
0CDC7E3DD45C,2022-11-10,1
0CDC7E3DD45C,2022-11-09,1
0CDC7E3DD45C,2022-11-08,1
0CDC7E3DD45C,2022-11-07,1
0CDC7E3DD45C,2022-11-06,1
0CDC7E3DD45C,2022-11-05,1
0CDC7E3DD45C,2022-11-04,1
0CDC7E3DD45C,2022-11-03,1
0CDC7E3DD45C,2022-11-02,1
0CDC7E3DD45C,2022-11-01,1
0CDC7E3DD6EC,2022-11-30,1
0CDC7E3DD6EC,2022-11-29,1
0CDC7E3DD6EC,2022-11-28,1
0CDC7E3DD6EC,2022-11-27,1
0CDC7E3DD6EC,2022-11-26,1
0CDC7E3DD6EC,2022-11-25,1
0CDC7E3DD6EC,2022-11-24,1
0CDC7E3DD6EC,2022-11-15,1
0CDC7E3DD6EC,2022-11-14,1
0CDC7E3DD6EC,2022-11-13,1
0CDC7E3DD6EC,2022-11-12,1
0CDC7E3DD6EC,2022-11-11,1
0CDC7E3DD6EC,2022-11-10,1
0CDC7E3DD6EC,2022-11-09,1
0CDC7E3DD6EC,2022-11-08,1
0CDC7E3DD6EC,2022-11-07,1
0CDC7E3DD6EC,2022-11-06,1
0CDC7E3DD6EC,2022-11-05,1
0CDC7E3DD6EC,2022-11-04,1
0CDC7E3DD6EC,2022-11-03,1
0CDC7E3DD6EC,2022-11-02,1
0CDC7E3DD6EC,2022-11-01,1
0CDC7E3DC104,2022-11-30,1
0CDC7E3DC104,2022-11-29,1
0CDC7E3DC104,2022-11-28,1
0CDC7E3DC104,2022-11-27,1
0CDC7E3DC104,2022-11-26,1
0CDC7E3DC104,2022-11-25,1
0CDC7E3DC104,2022-11-24,1
0CDC7E3DC104,2022-11-15,1
0CDC7E3DC104,2022-11-14,1
0CDC7E3DC104,2022-11-13,1
0CDC7E3DC104,2022-11-12,1
0CDC7E3DC104,2022-11-11,1
0CDC7E3DC104,2022-11-10,1
0CDC7E3DC104,2022-11-09,1
0CDC7E3DC104,2022-11-08,1
0CDC7E3DC104,2022-11-07,1
0CDC7E3DC104,2022-11-06,1
0CDC7E3DC104,2022-11-05,1
0CDC7E3DC104,2022-11-04,1
0CDC7E3DC104,2022-11-03,1
0CDC7E3DC104,2022-11-02,1
0CDC7E3DC104,2022-11-01,1
0CDC7E3CE318,2022-11-30,1
0CDC7E3CE318,2022-11-29,1
0CDC7E3CE318,2022-11-28,1
0CDC7E3CE318,2022-11-27,1
0CDC7E3CE318,2022-11-26,1
0CDC7E3CE318,2022-11-25,1
0CDC7E3CE318,2022-11-24,1
0CDC7E3CE318,2022-11-23,1
0CDC7E3CE318,2022-11-22,1
0CDC7E3CE318,2022-11-21,1
0CDC7E3CE318,2022-11-20,1
0CDC7E3CE318,2022-11-19,1
0CDC7E3CE318,2022-11-18,1
0CDC7E3CE318,2022-11-17,1
0CDC7E3CE318,2022-11-16,1
0CDC7E3CE318,2022-11-15,1
0CDC7E3CE318,2022-11-14,1
0CDC7E3CE318,2022-11-13,1
0CDC7E3CE318,2022-11-12,1
0CDC7E3CE318,2022-11-11,1
0CDC7E3CE318,2022-11-10,1
0CDC7E3CE318,2022-11-09,1
0CDC7E3CE318,2022-11-08,1
0CDC7E3CE318,2022-11-07,1
0CDC7E3CE318,2022-11-06,1
0CDC7E3CE318,2022-11-05,1
0CDC7E3CE318,2022-11-04,1
0CDC7E3CE318,2022-11-03,1
0CDC7E3CE318,2022-11-02,1
0CDC7E3CE318,2022-11-01,1
0CDC7E3CB23C,2022-11-30,1
0CDC7E3CB23C,2022-11-29,1
0CDC7E3CB23C,2022-11-28,1
0CDC7E3CB23C,2022-11-27,1
0CDC7E3CB23C,2022-11-26,1
0CDC7E3CB23C,2022-11-25,1
0CDC7E3CB23C,2022-11-24,1
0CDC7E3CB23C,2022-11-23,1
0CDC7E3CB23C,2022-11-22,1
0CDC7E3CB23C,2022-11-21,1
0CDC7E3CB23C,2022-11-20,1
0CDC7E3CB23C,2022-11-19,1
0CDC7E3CB23C,2022-11-18,1
0CDC7E3CB23C,2022-11-17,1
0CDC7E3CB23C,2022-11-16,1
0CDC7E3CB23C,2022-11-15,1
0CDC7E3CB23C,2022-11-14,1
0CDC7E3CB23C,2022-11-13,1
0CDC7E3CB23C,2022-11-12,1
0CDC7E3CB23C,2022-11-11,1
0CDC7E3CB23C,2022-11-10,1
0CDC7E3CB23C,2022-11-09,1
0CDC7E3CB23C,2022-11-08,1
0CDC7E3CB23C,2022-11-07,1
0CDC7E3CB23C,2022-11-06,1
0CDC7E3CB23C,2022-11-05,1
0CDC7E3CB23C,2022-11-04,1
0CDC7E3CB23C,2022-11-03,1
0CDC7E3CB23C,2022-11-02,1
0CDC7E3CB23C,2022-11-01,1
0CDC7E3DA0D4,2022-11-30,1
0CDC7E3DA0D4,2022-11-29,1
0CDC7E3DA0D4,2022-11-28,1
0CDC7E3DA0D4,2022-11-27,1
0CDC7E3DA0D4,2022-11-26,1
0CDC7E3DA0D4,2022-11-25,1
0CDC7E3DA0D4,2022-11-24,1
0CDC7E3DA0D4,2022-11-23,1
0CDC7E3DA0D4,2022-11-22,1
0CDC7E3DA0D4,2022-11-21,1
0CDC7E3DA0D4,2022-11-20,1
0CDC7E3DA0D4,2022-11-19,1
0CDC7E3DA0D4,2022-11-18,1
0CDC7E3DA0D4,2022-11-17,1
0CDC7E3DA0D4,2022-11-16,1
0CDC7E3DA0D4,2022-11-15,1
0CDC7E3DA0D4,2022-11-14,1
0CDC7E3DA0D4,2022-11-13,1
0CDC7E3DA0D4,2022-11-12,1
0CDC7E3DA0D4,2022-11-11,1
0CDC7E3DA0D4,2022-11-10,1
349454003168,2022-11-30,1
349454003168,2022-11-29,1
349454003168,2022-11-28,1
349454003168,2022-11-27,1
349454003168,2022-11-26,1
349454003168,2022-11-25,1
349454003168,2022-11-24,1
349454003168,2022-11-23,1
349454003168,2022-11-22,1
349454003168,2022-11-21,1
349454003168,2022-11-20,1
349454003168,2022-11-19,1
349454003168,2022-11-18,1
349454003168,2022-11-17,1
349454003168,2022-11-16,1
349454003168,2022-11-15,1
349454003168,2022-11-14,1
349454003168,2022-11-13,1
349454003168,2022-11-12,1
349454003168,2022-11-11,1
349454003168,2022-11-10,1
349454003168,2022-11-09,1
349454003168,2022-11-08,1
349454003168,2022-11-07,1
349454003168,2022-11-06,1
349454003168,2022-11-05,1
349454003168,2022-11-04,1
349454003168,2022-11-03,1
349454003168,2022-11-02,1
349454003168,2022-11-01,1
A848FA935914,2022-11-30,1
A848FA935914,2022-11-29,1
A848FA935914,2022-11-28,1
A848FA935914,2022-11-27,1
A848FA935914,2022-11-26,1
A848FA935914,2022-11-25,1
A848FA935914,2022-11-24,1
A848FA935914,2022-11-23,1
A848FA935914,2022-11-22,1
A848FA935914,2022-11-21,1
A848FA935914,2022-11-20,1
A848FA935914,2022-11-19,1
A848FA935914,2022-11-18,1
A848FA935914,2022-11-17,1
A848FA935914,2022-11-16,1
A848FA935914,2022-11-15,1
A848FA935914,2022-11-14,1
A848FA935914,2022-11-13,1
A848FA935914,2022-11-12,1
A848FA935914,2022-11-11,1
A848FA935914,2022-11-10,1
A848FA935914,2022-11-09,1
A848FA935914,2022-11-08,1
A848FA935914,2022-11-07,1
A848FA935914,2022-11-06,1
A848FA935914,2022-11-05,1
A848FA935914,2022-11-04,1
A848FA935914,2022-11-03,1
A848FA935914,2022-11-02,1
A848FA935914,2022-11-01,1
349454004EBC,2022-11-30,1
349454004EBC,2022-11-29,1
349454004EBC,2022-11-28,1
349454004EBC,2022-11-27,1
349454004EBC,2022-11-26,1
349454004EBC,2022-11-25,1
349454004EBC,2022-11-24,1
349454004EBC,2022-11-23,1
349454004EBC,2022-11-22,1
349454004EBC,2022-11-21,1
349454004EBC,2022-11-20,1
349454004EBC,2022-11-19,1
349454004EBC,2022-11-18,1
349454004EBC,2022-11-17,1
349454004EBC,2022-11-16,1
349454004EBC,2022-11-15,1
349454004EBC,2022-11-14,1
349454004EBC,2022-11-13,1
349454004EBC,2022-11-12,1
349454004EBC,2022-11-11,1
349454004EBC,2022-11-10,1
3494540041C4,2022-11-30,1
3494540041C4,2022-11-29,1
3494540041C4,2022-11-28,1
3494540041C4,2022-11-27,1
3494540041C4,2022-11-26,1
3494540041C4,2022-11-25,1
3494540041C4,2022-11-24,1
3494540041C4,2022-11-23,1
3494540041C4,2022-11-22,1
3494540041C4,2022-11-21,1
3494540041C4,2022-11-20,1
3494540041C4,2022-11-19,1
3494540041C4,2022-11-18,1
3494540041C4,2022-11-17,1
3494540041C4,2022-11-16,1
3494540041C4,2022-11-15,1
3494540041C4,2022-11-14,1
3494540041C4,2022-11-13,1
3494540041C4,2022-11-12,1
3494540041C4,2022-11-11,1
3494540041C4,2022-11-10,1
3494540041C4,2022-11-09,1
3494540041C4,2022-11-08,1
3494540041C4,2022-11-07,1
3494540041C4,2022-11-06,1
3494540041C4,2022-11-05,1
3494540041C4,2022-11-04,1
3494540041C4,2022-11-03,1
3494540041C4,2022-11-02,1
3494540041C4,2022-11-01,1
349454004448,2022-11-30,1
349454004448,2022-11-29,1
349454004448,2022-11-28,1
349454004448,2022-11-27,1
349454004448,2022-11-26,1
349454004448,2022-11-25,1
349454004448,2022-11-24,1
349454004448,2022-11-23,1
349454004448,2022-11-22,1
349454004448,2022-11-21,1
349454004448,2022-11-20,1
349454004448,2022-11-19,1
349454004448,2022-11-18,1
349454004448,2022-11-17,1
349454004448,2022-11-16,1
349454004448,2022-11-15,1
349454004448,2022-11-14,1
349454004448,2022-11-13,1
349454004448,2022-11-12,1
349454004448,2022-11-11,1
349454004448,2022-11-10,1
349454004448,2022-11-09,1
349454004448,2022-11-08,1
349454004448,2022-11-07,1
349454004448,2022-11-06,1
349454004448,2022-11-05,1
349454004448,2022-11-04,1
349454004448,2022-11-03,1
349454004448,2022-11-02,1
349454004448,2022-11-01,1
0CDC7E3EB50C,2022-11-30,1
0CDC7E3EB50C,2022-11-29,1
0CDC7E3EB50C,2022-11-28,1
0CDC7E3EB50C,2022-11-27,1
0CDC7E3EB50C,2022-11-26,1
0CDC7E3EB50C,2022-11-25,1
0CDC7E3EB50C,2022-11-24,1
0CDC7E3EB50C,2022-11-23,1
0CDC7E3EB50C,2022-11-22,1
0CDC7E3EB50C,2022-11-21,1
0CDC7E3EB50C,2022-11-20,1
0CDC7E3EB50C,2022-11-19,1
0CDC7E3EB50C,2022-11-18,1
0CDC7E3EB50C,2022-11-17,1
349454004660,2022-11-30,1
349454004660,2022-11-29,1
349454004660,2022-11-28,1
349454004660,2022-11-27,1
349454004660,2022-11-26,1
349454004660,2022-11-25,1
349454004660,2022-11-24,1
349454004660,2022-11-23,1
349454004660,2022-11-22,1
349454004660,2022-11-21,1
349454004660,2022-11-20,1
349454004660,2022-11-19,1
349454004660,2022-11-18,1
349454004660,2022-11-17,1
349454004660,2022-11-16,1
349454004660,2022-11-15,1
349454004660,2022-11-14,1
349454004660,2022-11-13,1
349454004660,2022-11-12,1
349454004660,2022-11-11,1
349454004660,2022-11-10,1
349454004660,2022-11-09,1
349454004660,2022-11-08,1
349454004660,2022-11-07,1
349454004660,2022-11-06,1
349454004660,2022-11-05,1
349454004660,2022-11-04,1
349454004660,2022-11-03,1
349454004660,2022-11-02,1
349454004660,2022-11-01,1
A848FA93F3D4,2022-11-30,1
A848FA93F3D4,2022-11-29,1
A848FA93F3D4,2022-11-28,1
A848FA93F3D4,2022-11-27,1
A848FA93F3D4,2022-11-26,1
A848FA93F3D4,2022-11-25,1
A848FA93F3D4,2022-11-24,1
A848FA93F3D4,2022-11-23,1
A848FA93F3D4,2022-11-22,1
A848FA93F3D4,2022-11-21,1
A848FA93F3D4,2022-11-20,1
A848FA93F3D4,2022-11-19,1
A848FA93F3D4,2022-11-18,1
A848FA93F3D4,2022-11-17,1
A848FA93F3D4,2022-11-16,1
A848FA93F3D4,2022-11-15,1
A848FA93F3D4,2022-11-14,1
A848FA93F3D4,2022-11-13,1
A848FA93F3D4,2022-11-12,1
A848FA93F3D4,2022-11-11,1
A848FA93F3D4,2022-11-10,1
0CDC7E3DC33C,2022-11-30,1
0CDC7E3DC33C,2022-11-29,1
0CDC7E3DC33C,2022-11-28,1
0CDC7E3DC33C,2022-11-27,1
0CDC7E3DC33C,2022-11-26,1
0CDC7E3DC33C,2022-11-25,1
0CDC7E3DC33C,2022-11-24,1
0CDC7E3DC33C,2022-11-23,1
0CDC7E3DC33C,2022-11-22,1
0CDC7E3DC33C,2022-11-21,1
0CDC7E3DC33C,2022-11-20,1
0CDC7E3DC33C,2022-11-19,1
0CDC7E3DC33C,2022-11-18,1
0CDC7E3DC33C,2022-11-17,1
0CDC7E3DC33C,2022-11-16,1
0CDC7E3DC33C,2022-11-15,1
0CDC7E3DC33C,2022-11-14,1
0CDC7E3DC33C,2022-11-13,1
0CDC7E3DC33C,2022-11-12,1
0CDC7E3DC33C,2022-11-11,1
0CDC7E3DC33C,2022-11-10,1
0CDC7E3DC33C,2022-11-09,1
0CDC7E3DC33C,2022-11-08,1
0CDC7E3DC33C,2022-11-07,1
0CDC7E3DC33C,2022-11-06,1
0CDC7E3DC33C,2022-11-05,1
0CDC7E3DC33C,2022-11-04,1
0CDC7E3DC33C,2022-11-03,1
0CDC7E3DC33C,2022-11-02,1
0CDC7E3DC33C,2022-11-01,1
A848FA93C99C,2022-11-30,1
A848FA93C99C,2022-11-29,1
A848FA93C99C,2022-11-28,1
A848FA93C99C,2022-11-27,1
A848FA93C99C,2022-11-26,1
A848FA93C99C,2022-11-25,1
A848FA93C99C,2022-11-24,1
A848FA93C99C,2022-11-23,1
A848FA93C99C,2022-11-22,1
A848FA93C99C,2022-11-21,1
A848FA93C99C,2022-11-20,1
A848FA93C99C,2022-11-19,1
A848FA93C99C,2022-11-18,1
A848FA93C99C,2022-11-17,1
A848FA93C99C,2022-11-16,1
A848FA93C99C,2022-11-15,1
A848FA93C99C,2022-11-14,1
A848FA93C99C,2022-11-13,1
A848FA93C99C,2022-11-12,1
A848FA93C99C,2022-11-11,1
A848FA93C99C,2022-11-10,1
A848FA93C99C,2022-11-09,1
A848FA93C99C,2022-11-08,1
A848FA93C99C,2022-11-07,1
A848FA93C99C,2022-11-06,1
A848FA93C99C,2022-11-05,1
A848FA93C99C,2022-11-04,1
A848FA93C99C,2022-11-03,1
A848FA93C99C,2022-11-02,1
A848FA93C99C,2022-11-01,1
349454002584,2022-11-30,1
349454002584,2022-11-29,1
349454002584,2022-11-28,1
349454002584,2022-11-27,1
349454002584,2022-11-26,1
349454002584,2022-11-25,1
349454002584,2022-11-24,1
349454002584,2022-11-23,1
349454002584,2022-11-22,1
349454002584,2022-11-21,1
349454002584,2022-11-20,1
349454002584,2022-11-19,1
349454002584,2022-11-18,1
349454002584,2022-11-17,1
349454002584,2022-11-16,1
349454002584,2022-11-15,1
349454002584,2022-11-14,1
349454002584,2022-11-13,1
349454002584,2022-11-12,1
349454002584,2022-11-11,1
349454002584,2022-11-10,1
349454002584,2022-11-09,1
349454002584,2022-11-08,1
349454002584,2022-11-07,1
349454002584,2022-11-06,1
349454002584,2022-11-05,1
349454002584,2022-11-04,1
349454002584,2022-11-03,1
349454002584,2022-11-02,1
349454002584,2022-11-01,1
349454004970,2022-11-30,1
349454004970,2022-11-29,1
349454004970,2022-11-28,1
349454004970,2022-11-27,1
349454004970,2022-11-26,1
349454004970,2022-11-25,1
349454004970,2022-11-24,1
349454004970,2022-11-23,1
349454004970,2022-11-22,1
349454004970,2022-11-21,1
349454004970,2022-11-20,1
349454004970,2022-11-19,1
349454004970,2022-11-18,1
349454004970,2022-11-17,1
349454004970,2022-11-16,1
349454004970,2022-11-15,1
349454004970,2022-11-14,1
349454004970,2022-11-13,1
349454004970,2022-11-12,1
349454004970,2022-11-11,1
349454004970,2022-11-10,1
349454004970,2022-11-09,1
349454004970,2022-11-08,1
349454004970,2022-11-07,1
349454004970,2022-11-06,1
349454004970,2022-11-05,1
349454004970,2022-11-04,1
349454004970,2022-11-03,1
349454004970,2022-11-02,1
349454004970,2022-11-01,1
0CDC7E3D9D40,2022-11-30,1
0CDC7E3D9D40,2022-11-29,1
0CDC7E3D9D40,2022-11-28,1
0CDC7E3D9D40,2022-11-27,1
0CDC7E3D9D40,2022-11-26,1
0CDC7E3D9D40,2022-11-25,1
0CDC7E3D9D40,2022-11-24,1
0CDC7E3D9D40,2022-11-23,1
0CDC7E3D9D40,2022-11-22,1
0CDC7E3D9D40,2022-11-21,1
0CDC7E3D9D40,2022-11-20,1
0CDC7E3D9D40,2022-11-19,1
0CDC7E3D9D40,2022-11-18,1
0CDC7E3D9D40,2022-11-17,1
0CDC7E3D9D40,2022-11-16,1
0CDC7E3D9D40,2022-11-15,1
0CDC7E3D9D40,2022-11-14,1
0CDC7E3D9D40,2022-11-13,1
0CDC7E3D9D40,2022-11-12,1
0CDC7E3D9D40,2022-11-11,1
0CDC7E3D9D40,2022-11-10,1
0CDC7E3D9D40,2022-11-09,1
0CDC7E3D9D40,2022-11-08,1
0CDC7E3D9D40,2022-11-07,1
0CDC7E3D9D40,2022-11-06,1
0CDC7E3D9D40,2022-11-05,1
0CDC7E3D9D40,2022-11-04,1
0CDC7E3D9D40,2022-11-03,1
0CDC7E3D9D40,2022-11-02,1
0CDC7E3D9D40,2022-11-01,1
A848FA94558C,2022-11-30,1
A848FA94558C,2022-11-29,1
A848FA94558C,2022-11-28,1
A848FA94558C,2022-11-27,1
A848FA94558C,2022-11-26,1
A848FA94558C,2022-11-25,1
A848FA94558C,2022-11-24,1
A848FA94558C,2022-11-23,1
A848FA94558C,2022-11-22,1
A848FA94558C,2022-11-21,1
A848FA94558C,2022-11-20,1
A848FA94558C,2022-11-19,1
A848FA94558C,2022-11-18,1
A848FA94558C,2022-11-17,1
A848FA939C00,2022-11-30,1
A848FA939C00,2022-11-29,1
A848FA939C00,2022-11-28,1
A848FA939C00,2022-11-27,1
A848FA939C00,2022-11-26,1
A848FA939C00,2022-11-25,1
A848FA939C00,2022-11-24,1
A848FA939C00,2022-11-23,1
A848FA939C00,2022-11-22,1
A848FA939C00,2022-11-21,1
A848FA939C00,2022-11-20,1
A848FA939C00,2022-11-19,1
A848FA939C00,2022-11-18,1
A848FA939C00,2022-11-17,1
A848FA939C00,2022-11-16,1
A848FA939C00,2022-11-15,1
A848FA939C00,2022-11-14,1
A848FA939C00,2022-11-13,1
A848FA939C00,2022-11-12,1
A848FA939C00,2022-11-11,1
A848FA939C00,2022-11-10,1
A848FA939C00,2022-11-09,1
A848FA939C00,2022-11-08,1
A848FA939C00,2022-11-07,1
A848FA939C00,2022-11-06,1
A848FA939C00,2022-11-05,1
A848FA939C00,2022-11-04,1
A848FA939C00,2022-11-03,1
A848FA939C00,2022-11-02,1
A848FA939C00,2022-11-01,1
349454002FD4,2022-11-30,1
349454002FD4,2022-11-29,1
349454002FD4,2022-11-28,1
349454002FD4,2022-11-27,1
349454002FD4,2022-11-26,1
349454002FD4,2022-11-25,1
349454002FD4,2022-11-24,1
349454002FD4,2022-11-23,1
349454002FD4,2022-11-22,1
349454002FD4,2022-11-21,1
349454002FD4,2022-11-20,1
349454002FD4,2022-11-19,1
349454002FD4,2022-11-18,1
349454002FD4,2022-11-17,1
349454002FD4,2022-11-16,1
349454002FD4,2022-11-15,1
349454002FD4,2022-11-14,1
349454002FD4,2022-11-13,1
349454002FD4,2022-11-12,1
349454002FD4,2022-11-11,1
349454002FD4,2022-11-10,1
349454002FD4,2022-11-09,1
349454002FD4,2022-11-08,1
349454002FD4,2022-11-07,1
349454002FD4,2022-11-06,1
349454002FD4,2022-11-05,1
349454002FD4,2022-11-04,1
349454002FD4,2022-11-03,1
349454002FD4,2022-11-02,1
349454002FD4,2022-11-01,1
A848FA92EAFC,2022-11-30,1
A848FA92EAFC,2022-11-29,1
A848FA92EAFC,2022-11-28,1
A848FA92EAFC,2022-11-27,1
A848FA92EAFC,2022-11-26,1
A848FA92EAFC,2022-11-25,1
A848FA92EAFC,2022-11-24,1
A848FA92EAFC,2022-11-23,1
A848FA92EAFC,2022-11-22,1
A848FA92EAFC,2022-11-21,1
A848FA92EAFC,2022-11-20,1
A848FA92EAFC,2022-11-19,1
A848FA92EAFC,2022-11-18,1
A848FA92EAFC,2022-11-17,1
A848FA92EAFC,2022-11-16,1
A848FA92EAFC,2022-11-15,1
A848FA92EAFC,2022-11-14,1
A848FA92EAFC,2022-11-13,1
A848FA92EAFC,2022-11-12,1
A848FA92EAFC,2022-11-11,1
A848FA92EAFC,2022-11-10,1
A848FA92EAFC,2022-11-09,1
A848FA92EAFC,2022-11-08,1
A848FA92EAFC,2022-11-07,1
A848FA92EAFC,2022-11-06,1
A848FA92EAFC,2022-11-05,1
A848FA92EAFC,2022-11-04,1
A848FA92EAFC,2022-11-03,1
A848FA92EAFC,2022-11-02,1
A848FA92EAFC,2022-11-01,1
A848FA93AD6C,2022-11-30,1
A848FA93AD6C,2022-11-29,1
A848FA93AD6C,2022-11-28,1
A848FA93AD6C,2022-11-27,1
A848FA93AD6C,2022-11-26,1
A848FA93AD6C,2022-11-25,1
A848FA93AD6C,2022-11-24,1
A848FA93AD6C,2022-11-23,1
A848FA93AD6C,2022-11-22,1
A848FA93AD6C,2022-11-21,1
A848FA93AD6C,2022-11-20,1
A848FA93AD6C,2022-11-19,1
A848FA93AD6C,2022-11-18,1
A848FA93AD6C,2022-11-17,1
A848FA93AD6C,2022-11-16,1
A848FA93AD6C,2022-11-15,1
A848FA93AD6C,2022-11-14,1
A848FA93AD6C,2022-11-13,1
A848FA93AD6C,2022-11-12,1
A848FA93AD6C,2022-11-11,1
A848FA93AD6C,2022-11-10,1
A848FA93AD6C,2022-11-09,1
A848FA93AD6C,2022-11-08,1
A848FA93AD6C,2022-11-07,1
A848FA93AD6C,2022-11-06,1
A848FA93AD6C,2022-11-05,1
A848FA93AD6C,2022-11-04,1
A848FA93AD6C,2022-11-03,1
A848FA93AD6C,2022-11-02,1
A848FA93AD6C,2022-11-01,1
349454004054
0CDC7E3D9E28,2022-11-30,1
0CDC7E3D9E28,2022-11-29,1
0CDC7E3D9E28,2022-11-28,1
0CDC7E3D9E28,2022-11-27,1
0CDC7E3D9E28,2022-11-26,1
0CDC7E3D9E28,2022-11-25,1
0CDC7E3D9E28,2022-11-24,1
0CDC7E3D9E28,2022-11-23,1
0CDC7E3D9E28,2022-11-22,1
0CDC7E3D9E28,2022-11-21,1
0CDC7E3D9E28,2022-11-20,1
0CDC7E3D9E28,2022-11-19,1
0CDC7E3D9E28,2022-11-18,1
0CDC7E3D9E28,2022-11-17,1
0CDC7E3D9E28,2022-11-16,1
0CDC7E3D9E28,2022-11-15,1
0CDC7E3D9E28,2022-11-14,1
0CDC7E3D9E28,2022-11-13,1
0CDC7E3D9E28,2022-11-12,1
0CDC7E3D9E28,2022-11-11,1
0CDC7E3D9E28,2022-11-10,1
0CDC7E3D9E28,2022-11-09,1
0CDC7E3D9E28,2022-11-08,1
0CDC7E3D9E28,2022-11-07,1
0CDC7E3D9E28,2022-11-06,1
0CDC7E3D9E28,2022-11-05,1
0CDC7E3D9E28,2022-11-04,1
0CDC7E3D9E28,2022-11-03,1
0CDC7E3D9E28,2022-11-02,1
0CDC7E3D9E28,2022-11-01,1
0CDC7E3DA8D4,2022-11-30,1
0CDC7E3DA8D4,2022-11-29,1
0CDC7E3DA8D4,2022-11-28,1
0CDC7E3DA8D4,2022-11-27,1
0CDC7E3DA8D4,2022-11-26,1
0CDC7E3DA8D4,2022-11-25,1
0CDC7E3DA8D4,2022-11-24,1
0CDC7E3DA8D4,2022-11-23,1
0CDC7E3DA8D4,2022-11-22,1
0CDC7E3DA8D4,2022-11-21,1
0CDC7E3DA8D4,2022-11-20,1
0CDC7E3DA8D4,2022-11-19,1
0CDC7E3DA8D4,2022-11-18,1
0CDC7E3DA8D4,2022-11-17,1
0CDC7E3DA8D4,2022-11-16,1
0CDC7E3DA8D4,2022-11-15,1
0CDC7E3DA8D4,2022-11-14,1
0CDC7E3DA8D4,2022-11-13,1
0CDC7E3DA8D4,2022-11-12,1
0CDC7E3DA8D4,2022-11-11,1
0CDC7E3DA8D4,2022-11-10,1
0CDC7E3DA8D4,2022-11-09,1
0CDC7E3DA8D4,2022-11-08,1
0CDC7E3DA8D4,2022-11-07,1
0CDC7E3DA8D4,2022-11-06,1
0CDC7E3DA8D4,2022-11-05,1
0CDC7E3DA8D4,2022-11-04,1
0CDC7E3DA8D4,2022-11-03,1
0CDC7E3DA8D4,2022-11-02,1
0CDC7E3DA8D4,2022-11-01,1
A848FA942F88,2022-11-30,1
A848FA942F88,2022-11-29,1
A848FA942F88,2022-11-28,1
A848FA942F88,2022-11-27,1
A848FA942F88,2022-11-26,1
A848FA942F88,2022-11-25,1
A848FA942F88,2022-11-24,1
A848FA942F88,2022-11-23,1
A848FA942F88,2022-11-22,1
A848FA942F88,2022-11-21,1
A848FA942F88,2022-11-20,1
A848FA942F88,2022-11-19,1
A848FA942F88,2022-11-18,1
A848FA942F88,2022-11-17,1
A848FA942F88,2022-11-16,1
A848FA942F88,2022-11-15,1
A848FA942F88,2022-11-14,1
A848FA942F88,2022-11-13,1
A848FA942F88,2022-11-12,1
A848FA942F88,2022-11-11,1
A848FA942F88,2022-11-10,1
A848FA942F88,2022-11-09,1
A848FA942F88,2022-11-08,1
A848FA942F88,2022-11-07,1
A848FA942F88,2022-11-06,1
A848FA942F88,2022-11-05,1
A848FA942F88,2022-11-04,1
A848FA942F88,2022-11-03,1
A848FA942F88,2022-11-02,1
A848FA942F88,2022-11-01,1
3494540034E4,2022-11-30,1
3494540034E4,2022-11-29,1
3494540034E4,2022-11-28,1
3494540034E4,2022-11-27,1
3494540034E4,2022-11-26,1
3494540034E4,2022-11-25,1
3494540034E4,2022-11-24,1
3494540034E4,2022-11-23,1
3494540034E4,2022-11-22,1
3494540034E4,2022-11-21,1
3494540034E4,2022-11-20,1
3494540034E4,2022-11-19,1
3494540034E4,2022-11-18,1
3494540034E4,2022-11-17,1
3494540034E4,2022-11-16,1
3494540034E4,2022-11-15,1
3494540034E4,2022-11-14,1
3494540034E4,2022-11-13,1
3494540034E4,2022-11-12,1
3494540034E4,2022-11-11,1
3494540034E4,2022-11-10,1
3494540034E4,2022-11-09,1
3494540034E4,2022-11-08,1
3494540034E4,2022-11-07,1
3494540034E4,2022-11-06,1
3494540034E4,2022-11-05,1
3494540034E4,2022-11-04,1
3494540034E4,2022-11-03,1
3494540034E4,2022-11-02,1
3494540034E4,2022-11-01,1
0CDC7E3DA880,2022-11-30,1
0CDC7E3DA880,2022-11-29,1
0CDC7E3DA880,2022-11-28,1
0CDC7E3DA880,2022-11-27,1
0CDC7E3DA880,2022-11-26,1
0CDC7E3DA880,2022-11-25,1
0CDC7E3DA880,2022-11-24,1
0CDC7E3DA880,2022-11-23,1
0CDC7E3DA880,2022-11-22,1
0CDC7E3DA880,2022-11-21,1
0CDC7E3DA880,2022-11-20,1
0CDC7E3DA880,2022-11-19,1
0CDC7E3DA880,2022-11-18,1
0CDC7E3DA880,2022-11-17,1
0CDC7E3DA880,2022-11-16,1
0CDC7E3DA880,2022-11-15,1
0CDC7E3DA880,2022-11-14,1
0CDC7E3DA880,2022-11-13,1
0CDC7E3DA880,2022-11-12,1
0CDC7E3DA880,2022-11-11,1
0CDC7E3DA880,2022-11-10,1
349454004634,2022-11-30,1
349454004634,2022-11-29,1
349454004634,2022-11-28,1
349454004634,2022-11-27,1
349454004634,2022-11-26,1
349454004634,2022-11-25,1
349454004634,2022-11-24,1
349454004634,2022-11-23,1
349454004634,2022-11-22,1
349454004634,2022-11-21,1
349454004634,2022-11-20,1
349454004634,2022-11-19,1
349454004634,2022-11-18,1
349454004634,2022-11-17,1
349454004634,2022-11-16,1
349454004634,2022-11-15,1
349454004634,2022-11-14,1
349454004634,2022-11-13,1
349454004634,2022-11-12,1
349454004634,2022-11-11,1
349454004634,2022-11-10,1
349454004634,2022-11-09,1
349454004634,2022-11-08,1
349454004634,2022-11-07,1
349454004634,2022-11-06,1
349454004634,2022-11-05,1
349454004634,2022-11-04,1
349454004634,2022-11-03,1
349454004634,2022-11-02,1
349454004634,2022-11-01,1
A848FA948A50,2022-11-30,1
A848FA948A50,2022-11-29,1
A848FA948A50,2022-11-28,1
A848FA948A50,2022-11-27,1
A848FA948A50,2022-11-26,1
A848FA948A50,2022-11-25,1
A848FA948A50,2022-11-24,1
A848FA948A50,2022-11-23,1
A848FA948A50,2022-11-22,1
A848FA948A50,2022-11-21,1
A848FA948A50,2022-11-20,1
A848FA948A50,2022-11-19,1
A848FA948A50,2022-11-18,1
A848FA948A50,2022-11-17,1
A848FA948A50,2022-11-16,1
A848FA948A50,2022-11-15,1
A848FA948A50,2022-11-14,1
A848FA948A50,2022-11-13,1
A848FA948A50,2022-11-12,1
A848FA948A50,2022-11-11,1
A848FA948A50,2022-11-10,1
A848FA948A50,2022-11-09,1
A848FA948A50,2022-11-08,1
A848FA948A50,2022-11-07,1
A848FA948A50,2022-11-06,1
A848FA948A50,2022-11-05,1
A848FA948A50,2022-11-04,1
A848FA948A50,2022-11-03,1
A848FA948A50,2022-11-02,1
A848FA948A50,2022-11-01,1
A848FA942040,2022-11-30,1
A848FA942040,2022-11-29,1
A848FA942040,2022-11-28,1
A848FA942040,2022-11-27,1
A848FA942040,2022-11-26,1
A848FA942040,2022-11-25,1
A848FA942040,2022-11-24,1
A848FA942040,2022-11-23,1
A848FA942040,2022-11-22,1
A848FA942040,2022-11-21,1
A848FA942040,2022-11-20,1
A848FA942040,2022-11-19,1
A848FA942040,2022-11-18,1
A848FA942040,2022-11-17,1
A848FA942040,2022-11-16,1
A848FA942040,2022-11-15,1
A848FA942040,2022-11-14,1
A848FA942040,2022-11-13,1
A848FA942040,2022-11-12,1
A848FA942040,2022-11-11,1
A848FA942040,2022-11-10,1
A848FA942040,2022-11-09,1
A848FA942040,2022-11-08,1
A848FA942040,2022-11-07,1
A848FA942040,2022-11-06,1
A848FA942040,2022-11-05,1
A848FA942040,2022-11-04,1
A848FA942040,2022-11-03,1
A848FA942040,2022-11-02,1
A848FA942040,2022-11-01,1
3494540051F8,2022-11-30,1
3494540051F8,2022-11-29,1
3494540051F8,2022-11-28,1
3494540051F8,2022-11-27,1
3494540051F8,2022-11-26,1
3494540051F8,2022-11-25,1
3494540051F8,2022-11-24,1
3494540051F8,2022-11-23,1
3494540051F8,2022-11-22,1
3494540051F8,2022-11-21,1
3494540051F8,2022-11-20,1
3494540051F8,2022-11-19,1
3494540051F8,2022-11-18,1
3494540051F8,2022-11-17,1
3494540051F8,2022-11-16,1
3494540051F8,2022-11-15,1
3494540051F8,2022-11-14,1
3494540051F8,2022-11-13,1
3494540051F8,2022-11-12,1
3494540051F8,2022-11-11,1
3494540051F8,2022-11-10,1
3494540051F8,2022-11-09,1
3494540051F8,2022-11-08,1
3494540051F8,2022-11-07,1
3494540051F8,2022-11-06,1
3494540051F8,2022-11-05,1
3494540051F8,2022-11-04,1
3494540051F8,2022-11-03,1
3494540051F8,2022-11-02,1
3494540051F8,2022-11-01,1
349454004F48,2022-11-30,1
349454004F48,2022-11-29,1
349454004F48,2022-11-28,1
349454004F48,2022-11-27,1
349454004F48,2022-11-26,1
349454004F48,2022-11-25,1
349454004F48,2022-11-24,1
349454004F48,2022-11-23,1
349454004F48,2022-11-22,1
349454004F48,2022-11-21,1
349454004F48,2022-11-20,1
349454004F48,2022-11-19,1
349454004F48,2022-11-18,1
349454004F48,2022-11-17,1
349454004F48,2022-11-16,1
349454004F48,2022-11-15,1
349454004F48,2022-11-14,1
349454004F48,2022-11-13,1
349454004F48,2022-11-12,1
349454004F48,2022-11-11,1
349454004F48,2022-11-10,1
349454004F48,2022-11-09,1
349454004F48,2022-11-08,1
349454004F48,2022-11-07,1
349454004F48,2022-11-06,1
349454004F48,2022-11-05,1
349454004F48,2022-11-04,1
349454004F48,2022-11-03,1
349454004F48,2022-11-02,1
349454004F48,2022-11-01,1
349454002CAC,2022-11-30,1
349454002CAC,2022-11-29,1
349454002CAC,2022-11-28,1
349454002CAC,2022-11-27,1
349454002CAC,2022-11-26,1
349454002CAC,2022-11-25,1
349454002CAC,2022-11-24,1
349454002CAC,2022-11-23,1
349454002CAC,2022-11-22,1
349454002CAC,2022-11-21,1
349454002CAC,2022-11-20,1
349454002CAC,2022-11-19,1
349454002CAC,2022-11-18,1
349454002CAC,2022-11-17,1
349454002CAC,2022-11-16,1
349454002CAC,2022-11-15,1
349454002CAC,2022-11-14,1
349454002CAC,2022-11-13,1
349454002CAC,2022-11-12,1
349454002CAC,2022-11-11,1
349454002CAC,2022-11-10,1
349454002CAC,2022-11-09,1
349454002CAC,2022-11-08,1
349454002CAC,2022-11-07,1
349454002CAC,2022-11-06,1
349454002CAC,2022-11-05,1
349454002CAC,2022-11-04,1
349454002CAC,2022-11-03,1
349454002CAC,2022-11-02,1
349454002CAC,2022-11-01,1
A848FA94569C,2022-11-30,1
A848FA94569C,2022-11-29,1
A848FA94569C,2022-11-28,1
A848FA94569C,2022-11-27,1
A848FA94569C,2022-11-26,1
A848FA94569C,2022-11-25,1
A848FA94569C,2022-11-24,1
A848FA94569C,2022-11-23,1
A848FA94569C,2022-11-22,1
A848FA94569C,2022-11-21,1
A848FA94569C,2022-11-20,1
A848FA94569C,2022-11-19,1
A848FA94569C,2022-11-18,1
A848FA94569C,2022-11-17,1
A848FA94569C,2022-11-16,1
A848FA94569C,2022-11-15,1
A848FA94569C,2022-11-14,1
A848FA94569C,2022-11-13,1
A848FA94569C,2022-11-12,1
A848FA94569C,2022-11-11,1
A848FA94569C,2022-11-10,1
A848FA94569C,2022-11-09,1
A848FA94569C,2022-11-08,1
A848FA94569C,2022-11-07,1
A848FA94569C,2022-11-06,1
A848FA94569C,2022-11-05,1
A848FA94569C,2022-11-04,1
A848FA94569C,2022-11-03,1
A848FA94569C,2022-11-02,1
A848FA94569C,2022-11-01,1
3494540033F4,2022-11-30,1
3494540033F4,2022-11-29,1
3494540033F4,2022-11-28,1
3494540033F4,2022-11-27,1
3494540033F4,2022-11-26,1
3494540033F4,2022-11-25,1
3494540033F4,2022-11-24,1
3494540033F4,2022-11-23,1
3494540033F4,2022-11-22,1
3494540033F4,2022-11-21,1
3494540033F4,2022-11-20,1
3494540033F4,2022-11-19,1
3494540033F4,2022-11-18,1
3494540033F4,2022-11-17,1
3494540033F4,2022-11-16,1
3494540033F4,2022-11-15,1
3494540033F4,2022-11-14,1
3494540033F4,2022-11-13,1
3494540033F4,2022-11-12,1
3494540033F4,2022-11-11,1
3494540033F4,2022-11-10,1
3494540033F4,2022-11-09,1
3494540033F4,2022-11-08,1
3494540033F4,2022-11-07,1
3494540033F4,2022-11-06,1
3494540033F4,2022-11-05,1
3494540033F4,2022-11-04,1
3494540033F4,2022-11-03,1
3494540033F4,2022-11-02,1
3494540033F4,2022-11-01,1
3494540024C0,2022-11-30,1
3494540024C0,2022-11-29,1
3494540024C0,2022-11-28,1
3494540024C0,2022-11-27,1
3494540024C0,2022-11-26,1
3494540024C0,2022-11-25,1
3494540024C0,2022-11-24,1
3494540024C0,2022-11-23,1
3494540024C0,2022-11-22,1
3494540024C0,2022-11-21,1
3494540024C0,2022-11-20,1
3494540024C0,2022-11-19,1
3494540024C0,2022-11-18,1
3494540024C0,2022-11-17,1
3494540024C0,2022-11-16,1
3494540024C0,2022-11-15,1
3494540024C0,2022-11-14,1
3494540024C0,2022-11-13,1
3494540024C0,2022-11-12,1
3494540024C0,2022-11-11,1
3494540024C0,2022-11-10,1
3494540024C0,2022-11-09,1
3494540024C0,2022-11-08,1
3494540024C0,2022-11-07,1
3494540024C0,2022-11-06,1
3494540024C0,2022-11-05,1
3494540024C0,2022-11-04,1
3494540024C0,2022-11-03,1
3494540024C0,2022-11-02,1
3494540024C0,2022-11-01,1
A848FA9294CC,2022-11-30,1
A848FA9294CC,2022-11-29,1
A848FA9294CC,2022-11-28,1
A848FA9294CC,2022-11-27,1
A848FA9294CC,2022-11-26,1
A848FA9294CC,2022-11-25,1
A848FA9294CC,2022-11-24,1
A848FA9294CC,2022-11-23,1
A848FA9294CC,2022-11-22,1
A848FA9294CC,2022-11-21,1
A848FA9294CC,2022-11-20,1
A848FA9294CC,2022-11-19,1
A848FA9294CC,2022-11-18,1
A848FA9294CC,2022-11-17,1
A848FA9294CC,2022-11-16,1
A848FA9294CC,2022-11-15,1
A848FA9294CC,2022-11-14,1
A848FA9294CC,2022-11-13,1
A848FA9294CC,2022-11-12,1
A848FA9294CC,2022-11-11,1
A848FA9294CC,2022-11-10,1
A848FA9294CC,2022-11-09,1
A848FA9294CC,2022-11-08,1
A848FA9294CC,2022-11-07,1
A848FA9294CC,2022-11-06,1
A848FA9294CC,2022-11-05,1
A848FA9294CC,2022-11-04,1
A848FA9294CC,2022-11-03,1
A848FA9294CC,2022-11-02,1
A848FA9294CC,2022-11-01,1
0CDC7E3CD804,2022-11-30,1
0CDC7E3CD804,2022-11-29,1
0CDC7E3CD804,2022-11-28,1
0CDC7E3CD804,2022-11-27,1
0CDC7E3CD804,2022-11-26,1
0CDC7E3CD804,2022-11-25,1
0CDC7E3CD804,2022-11-24,1
0CDC7E3CD804,2022-11-23,1
0CDC7E3CD804,2022-11-22,1
0CDC7E3CD804,2022-11-21,1
0CDC7E3CD804,2022-11-20,1
0CDC7E3CD804,2022-11-19,1
0CDC7E3CD804,2022-11-18,1
0CDC7E3CD804,2022-11-17,1
0CDC7E3CD804,2022-11-16,1
0CDC7E3CD804,2022-11-15,1
0CDC7E3CD804,2022-11-14,1
0CDC7E3CD804,2022-11-13,1
0CDC7E3CD804,2022-11-12,1
0CDC7E3CD804,2022-11-11,1
0CDC7E3CD804,2022-11-10,1
0CDC7E3CD804,2022-11-09,1
0CDC7E3CD804,2022-11-08,1
0CDC7E3CD804,2022-11-07,1
0CDC7E3CD804,2022-11-06,1
0CDC7E3CD804,2022-11-05,1
0CDC7E3CD804,2022-11-04,1
0CDC7E3CD804,2022-11-03,1
0CDC7E3CD804,2022-11-02,1
0CDC7E3CD804,2022-11-01,1
0CDC7E3DA5A4,2022-11-30,1
0CDC7E3DA5A4,2022-11-29,1
0CDC7E3DA5A4,2022-11-28,1
0CDC7E3DA5A4,2022-11-27,1
0CDC7E3DA5A4,2022-11-26,1
0CDC7E3DA5A4,2022-11-25,1
0CDC7E3DA5A4,2022-11-24,1
0CDC7E3DA5A4,2022-11-23,1
0CDC7E3DA5A4,2022-11-22,1
0CDC7E3DA5A4,2022-11-21,1
0CDC7E3DA5A4,2022-11-20,1
0CDC7E3DA5A4,2022-11-19,1
0CDC7E3DA5A4,2022-11-18,1
0CDC7E3DA5A4,2022-11-17,1
0CDC7E3DA5A4,2022-11-16,1
0CDC7E3DA5A4,2022-11-15,1
0CDC7E3DA5A4,2022-11-14,1
0CDC7E3DA5A4,2022-11-13,1
0CDC7E3DA5A4,2022-11-12,1
0CDC7E3DA5A4,2022-11-11,1
0CDC7E3DA5A4,2022-11-10,1
0CDC7E3DA5A4,2022-11-09,1
0CDC7E3DA5A4,2022-11-08,1
0CDC7E3DA5A4,2022-11-07,1
0CDC7E3DA5A4,2022-11-06,1
0CDC7E3DA5A4,2022-11-05,1
0CDC7E3DA5A4,2022-11-04,1
0CDC7E3DA5A4,2022-11-03,1
0CDC7E3DA5A4,2022-11-02,1
0CDC7E3DA5A4,2022-11-01,1
3494540048EC,2022-11-30,1
3494540048EC,2022-11-29,1
3494540048EC,2022-11-28,1
3494540048EC,2022-11-27,1
3494540048EC,2022-11-26,1
3494540048EC,2022-11-25,1
3494540048EC,2022-11-24,1
3494540048EC,2022-11-23,1
0CDC7E3DA2F0,2022-11-30,1
0CDC7E3DA2F0,2022-11-29,1
0CDC7E3DA2F0,2022-11-28,1
0CDC7E3DA2F0,2022-11-27,1
0CDC7E3DA2F0,2022-11-26,1
0CDC7E3DA2F0,2022-11-25,1
0CDC7E3DA2F0,2022-11-24,1
0CDC7E3DA2F0,2022-11-23,1
0CDC7E3DA2F0,2022-11-22,1
0CDC7E3DA2F0,2022-11-21,1
0CDC7E3DA2F0,2022-11-20,1
0CDC7E3DA2F0,2022-11-19,1
0CDC7E3DA2F0,2022-11-18,1
0CDC7E3DA2F0,2022-11-17,1
0CDC7E3DA2F0,2022-11-16,1
0CDC7E3DA2F0,2022-11-15,1
0CDC7E3DA2F0,2022-11-14,1
0CDC7E3DA2F0,2022-11-13,1
0CDC7E3DA2F0,2022-11-12,1
0CDC7E3DA2F0,2022-11-11,1
0CDC7E3DA2F0,2022-11-10,1
0CDC7E3DA2F0,2022-11-09,1
0CDC7E3DA2F0,2022-11-08,1
0CDC7E3DA2F0,2022-11-07,1
0CDC7E3DA2F0,2022-11-06,1
0CDC7E3DA2F0,2022-11-05,1
0CDC7E3DA2F0,2022-11-04,1
0CDC7E3DA2F0,2022-11-03,1
0CDC7E3DA2F0,2022-11-02,1
0CDC7E3DA2F0,2022-11-01,1
A848FA9474B8,2022-11-30,1
A848FA9474B8,2022-11-29,1
A848FA9474B8,2022-11-28,1
A848FA9474B8,2022-11-27,1
A848FA9474B8,2022-11-26,1
A848FA9474B8,2022-11-25,1
A848FA9474B8,2022-11-24,1
A848FA9474B8,2022-11-23,1
A848FA9474B8,2022-11-22,1
A848FA9474B8,2022-11-21,1
A848FA9474B8,2022-11-20,1
A848FA9474B8,2022-11-19,1
A848FA9474B8,2022-11-18,1
A848FA9474B8,2022-11-17,1
A848FA9474B8,2022-11-16,1
A848FA9474B8,2022-11-15,1
A848FA9474B8,2022-11-14,1
A848FA9474B8,2022-11-13,1
A848FA9474B8,2022-11-12,1
A848FA9474B8,2022-11-11,1
A848FA9474B8,2022-11-10,1
A848FA9474B8,2022-11-09,1
A848FA9474B8,2022-11-08,1
A848FA9474B8,2022-11-07,1
A848FA9474B8,2022-11-06,1
A848FA9474B8,2022-11-05,1
A848FA9474B8,2022-11-04,1
A848FA9474B8,2022-11-03,1
A848FA9474B8,2022-11-02,1
A848FA9474B8,2022-11-01,1
0CDC7E3CF5E0,2022-11-30,1
0CDC7E3CF5E0,2022-11-29,1
0CDC7E3CF5E0,2022-11-28,1
0CDC7E3CF5E0,2022-11-27,1
0CDC7E3CF5E0,2022-11-26,1
0CDC7E3CF5E0,2022-11-25,1
0CDC7E3CF5E0,2022-11-24,1
0CDC7E3CF5E0,2022-11-23,1
0CDC7E3CF5E0,2022-11-22,1
0CDC7E3CF5E0,2022-11-21,1
0CDC7E3CF5E0,2022-11-20,1
0CDC7E3CF5E0,2022-11-19,1
0CDC7E3CF5E0,2022-11-18,1
0CDC7E3CF5E0,2022-11-17,1
0CDC7E3CF5E0,2022-11-16,1
0CDC7E3CF5E0,2022-11-15,1
0CDC7E3CF5E0,2022-11-14,1
0CDC7E3CF5E0,2022-11-13,1
0CDC7E3CF5E0,2022-11-12,1
0CDC7E3CF5E0,2022-11-11,1
0CDC7E3CF5E0,2022-11-10,1
0CDC7E3CF5E0,2022-11-09,1
0CDC7E3CF5E0,2022-11-07,1
0CDC7E3CF5E0,2022-11-06,1
0CDC7E3CF5E0,2022-11-05,1
0CDC7E3CF5E0,2022-11-04,1
0CDC7E3CF5E0,2022-11-03,1
0CDC7E3CF5E0,2022-11-02,1
0CDC7E3CF5E0,2022-11-01,1
0CDC7E3D9A54,2022-11-30,1
0CDC7E3D9A54,2022-11-29,1
0CDC7E3D9A54,2022-11-28,1
0CDC7E3D9A54,2022-11-27,1
0CDC7E3D9A54,2022-11-26,1
0CDC7E3D9A54,2022-11-25,1
0CDC7E3D9A54,2022-11-24,1
0CDC7E3D9A54,2022-11-23,1
0CDC7E3D9A54,2022-11-22,1
0CDC7E3D9A54,2022-11-21,1
0CDC7E3D9A54,2022-11-20,1
0CDC7E3D9A54,2022-11-19,1
0CDC7E3D9A54,2022-11-18,1
0CDC7E3D9A54,2022-11-17,1
0CDC7E3D9A54,2022-11-16,1
0CDC7E3D9A54,2022-11-15,1
0CDC7E3D9A54,2022-11-14,1
0CDC7E3D9A54,2022-11-13,1
0CDC7E3D9A54,2022-11-12,1
0CDC7E3D9A54,2022-11-11,1
0CDC7E3D9A54,2022-11-10,1
0CDC7E3DDC60,2022-11-30,1
0CDC7E3DDC60,2022-11-29,1
0CDC7E3DDC60,2022-11-28,1
0CDC7E3DDC60,2022-11-27,1
0CDC7E3DDC60,2022-11-26,1
0CDC7E3DDC60,2022-11-25,1
0CDC7E3DDC60,2022-11-24,1
0CDC7E3DDC60,2022-11-23,1
0CDC7E3DDC60,2022-11-22,1
0CDC7E3DDC60,2022-11-21,1
0CDC7E3DDC60,2022-11-20,1
0CDC7E3DDC60,2022-11-19,1
0CDC7E3DDC60,2022-11-18,1
0CDC7E3DDC60,2022-11-17,1
0CDC7E3DDC60,2022-11-16,1
0CDC7E3DDC60,2022-11-15,1
0CDC7E3DDC60,2022-11-14,1
0CDC7E3DDC60,2022-11-13,1
0CDC7E3DDC60,2022-11-12,1
0CDC7E3DDC60,2022-11-11,1
0CDC7E3DDC60,2022-11-10,1
0CDC7E3DDC60,2022-11-09,1
0CDC7E3DDC60,2022-11-08,1
0CDC7E3DDC60,2022-11-07,1
0CDC7E3DDC60,2022-11-06,1
0CDC7E3DDC60,2022-11-05,1
0CDC7E3DDC60,2022-11-04,1
0CDC7E3DDC60,2022-11-03,1
0CDC7E3DDC60,2022-11-02,1
0CDC7E3DDC60,2022-11-01,1
3494540037AC,2022-11-30,1
3494540037AC,2022-11-29,1
3494540037AC,2022-11-28,1
3494540037AC,2022-11-27,1
3494540037AC,2022-11-26,1
3494540037AC,2022-11-25,1
3494540037AC,2022-11-24,1
3494540037AC,2022-11-23,1
3494540037AC,2022-11-22,1
3494540037AC,2022-11-21,1
3494540037AC,2022-11-20,1
3494540037AC,2022-11-19,1
3494540037AC,2022-11-18,1
3494540037AC,2022-11-17,1
3494540037AC,2022-11-16,1
3494540037AC,2022-11-15,1
3494540037AC,2022-11-14,1
3494540037AC,2022-11-13,1
3494540037AC,2022-11-12,1
3494540037AC,2022-11-11,1
3494540037AC,2022-11-10,1
3494540037AC,2022-11-09,1
3494540037AC,2022-11-07,1
3494540037AC,2022-11-06,1
3494540037AC,2022-11-05,1
3494540037AC,2022-11-04,1
3494540037AC,2022-11-03,1
3494540037AC,2022-11-02,1
3494540037AC,2022-11-01,1
0CDC7E3DE548,2022-11-30,1
0CDC7E3DE548,2022-11-29,1
0CDC7E3DE548,2022-11-28,1
0CDC7E3DE548,2022-11-27,1
0CDC7E3DE548,2022-11-26,1
0CDC7E3DE548,2022-11-25,1
0CDC7E3DE548,2022-11-24,1
0CDC7E3DE548,2022-11-23,1
0CDC7E3DE548,2022-11-22,1
0CDC7E3DE548,2022-11-21,1
0CDC7E3DE548,2022-11-20,1
0CDC7E3DE548,2022-11-19,1
0CDC7E3DE548,2022-11-18,1
0CDC7E3DE548,2022-11-17,1
0CDC7E3DE548,2022-11-16,1
0CDC7E3DE548,2022-11-15,1
0CDC7E3DE548,2022-11-14,1
0CDC7E3DE548,2022-11-13,1
0CDC7E3DE548,2022-11-12,1
0CDC7E3DE548,2022-11-11,1
0CDC7E3DE548,2022-11-10,1
0CDC7E3DE548,2022-11-09,1
0CDC7E3DE548,2022-11-07,1
0CDC7E3DE548,2022-11-06,1
0CDC7E3DE548,2022-11-05,1
0CDC7E3DE548,2022-11-04,1
0CDC7E3DE548,2022-11-03,1
0CDC7E3DE548,2022-11-02,1
0CDC7E3DE548,2022-11-01,1
0CDC7E3DCAD8,2022-11-30,1
0CDC7E3DCAD8,2022-11-29,1
0CDC7E3DCAD8,2022-11-28,1
0CDC7E3DCAD8,2022-11-27,1
0CDC7E3DCAD8,2022-11-26,1
0CDC7E3DCAD8,2022-11-25,1
0CDC7E3DCAD8,2022-11-24,1
0CDC7E3DCAD8,2022-11-23,1
0CDC7E3DCAD8,2022-11-22,1
0CDC7E3DCAD8,2022-11-21,1
0CDC7E3DCAD8,2022-11-20,1
0CDC7E3DCAD8,2022-11-19,1
0CDC7E3DCAD8,2022-11-18,1
0CDC7E3DCAD8,2022-11-17,1
0CDC7E3DCAD8,2022-11-16,1
0CDC7E3DCAD8,2022-11-15,1
0CDC7E3DCAD8,2022-11-14,1
0CDC7E3DCAD8,2022-11-13,1
0CDC7E3DCAD8,2022-11-12,1
0CDC7E3DCAD8,2022-11-11,1
0CDC7E3DCAD8,2022-11-10,1
0CDC7E3DCAD8,2022-11-09,1
0CDC7E3DCAD8,2022-11-08,1
0CDC7E3DCAD8,2022-11-07,1
0CDC7E3DCAD8,2022-11-06,1
0CDC7E3DCAD8,2022-11-05,1
0CDC7E3DCAD8,2022-11-04,1
0CDC7E3DCAD8,2022-11-03,1
0CDC7E3DCAD8,2022-11-02,1
0CDC7E3DCAD8,2022-11-01,1
A848FA93D9BC,2022-11-30,1
A848FA93D9BC,2022-11-29,1
A848FA93D9BC,2022-11-28,1
A848FA93D9BC,2022-11-27,1
A848FA93D9BC,2022-11-26,1
A848FA93D9BC,2022-11-25,1
A848FA93D9BC,2022-11-24,1
A848FA93D9BC,2022-11-23,1
A848FA93D9BC,2022-11-22,1
A848FA93D9BC,2022-11-21,1
A848FA93D9BC,2022-11-20,1
A848FA93D9BC,2022-11-19,1
A848FA93D9BC,2022-11-18,1
A848FA93D9BC,2022-11-17,1
A848FA93D9BC,2022-11-16,1
A848FA93D9BC,2022-11-15,1
A848FA93D9BC,2022-11-14,1
A848FA93D9BC,2022-11-13,1
A848FA93D9BC,2022-11-12,1
A848FA93D9BC,2022-11-11,1
A848FA93D9BC,2022-11-10,1
A848FA93D9BC,2022-11-09,1
A848FA93D9BC,2022-11-08,1
A848FA93D9BC,2022-11-07,1
A848FA93D9BC,2022-11-06,1
A848FA93D9BC,2022-11-05,1
A848FA93D9BC,2022-11-04,1
A848FA93D9BC,2022-11-03,1
A848FA93D9BC,2022-11-02,1
A848FA93D9BC,2022-11-01,1
0CDC7E3D9BE0,2022-11-30,1
0CDC7E3D9BE0,2022-11-29,1
0CDC7E3D9BE0,2022-11-28,1
0CDC7E3D9BE0,2022-11-27,1
0CDC7E3D9BE0,2022-11-26,1
0CDC7E3D9BE0,2022-11-25,1
0CDC7E3D9BE0,2022-11-24,1
0CDC7E3D9BE0,2022-11-23,1
0CDC7E3D9BE0,2022-11-22,1
0CDC7E3D9BE0,2022-11-21,1
0CDC7E3D9BE0,2022-11-20,1
0CDC7E3D9BE0,2022-11-19,1
0CDC7E3D9BE0,2022-11-18,1
0CDC7E3D9BE0,2022-11-17,1
0CDC7E3D9BE0,2022-11-16,1
0CDC7E3D9BE0,2022-11-15,1
0CDC7E3D9BE0,2022-11-14,1
0CDC7E3D9BE0,2022-11-13,1
0CDC7E3D9BE0,2022-11-12,1
0CDC7E3D9BE0,2022-11-11,1
0CDC7E3D9BE0,2022-11-10,1
0CDC7E3D9BE0,2022-11-09,1
0CDC7E3D9BE0,2022-11-08,1
0CDC7E3D9BE0,2022-11-07,1
0CDC7E3D9BE0,2022-11-06,1
0CDC7E3D9BE0,2022-11-05,1
0CDC7E3D9BE0,2022-11-04,1
0CDC7E3D9BE0,2022-11-03,1
0CDC7E3D9BE0,2022-11-02,1
0CDC7E3D9BE0,2022-11-01,1
A848FA936150,2022-11-30,1
A848FA936150,2022-11-29,1
A848FA936150,2022-11-28,1
A848FA936150,2022-11-27,1
A848FA936150,2022-11-26,1
A848FA936150,2022-11-25,1
A848FA936150,2022-11-24,1
A848FA936150,2022-11-23,1
A848FA936150,2022-11-22,1
A848FA936150,2022-11-21,1
A848FA936150,2022-11-20,1
A848FA936150,2022-11-19,1
A848FA936150,2022-11-18,1
A848FA936150,2022-11-17,1
A848FA936150,2022-11-16,1
A848FA936150,2022-11-15,1
A848FA936150,2022-11-14,1
A848FA936150,2022-11-13,1
A848FA936150,2022-11-12,1
A848FA936150,2022-11-11,1
A848FA936150,2022-11-10,1
A848FA936150,2022-11-09,1
A848FA936150,2022-11-08,1
A848FA936150,2022-11-07,1
A848FA936150,2022-11-06,1
A848FA936150,2022-11-05,1
A848FA936150,2022-11-04,1
A848FA936150,2022-11-03,1
A848FA936150,2022-11-02,1
A848FA936150,2022-11-01,1
0CDC7E3CC028,2022-11-30,1
0CDC7E3CC028,2022-11-29,1
0CDC7E3CC028,2022-11-28,1
0CDC7E3CC028,2022-11-27,1
0CDC7E3CC028,2022-11-26,1
0CDC7E3CC028,2022-11-25,1
0CDC7E3CC028,2022-11-24,1
0CDC7E3CC028,2022-11-23,1
0CDC7E3CC028,2022-11-22,1
0CDC7E3CC028,2022-11-21,1
0CDC7E3CC028,2022-11-20,1
0CDC7E3CC028,2022-11-19,1
0CDC7E3CC028,2022-11-18,1
0CDC7E3CC028,2022-11-17,1
0CDC7E3CC028,2022-11-16,1
0CDC7E3CC028,2022-11-15,1
0CDC7E3CC028,2022-11-14,1
0CDC7E3CC028,2022-11-13,1
0CDC7E3CC028,2022-11-12,1
0CDC7E3CC028,2022-11-11,1
0CDC7E3CC028,2022-11-10,1
0CDC7E3CC028,2022-11-09,1
0CDC7E3CC028,2022-11-08,1
0CDC7E3CC028,2022-11-07,1
0CDC7E3CC028,2022-11-06,1
0CDC7E3CC028,2022-11-05,1
0CDC7E3CC028,2022-11-04,1
0CDC7E3CC028,2022-11-03,1
0CDC7E3CC028,2022-11-02,1
0CDC7E3CC028,2022-11-01,1
34945400557C,2022-11-22,1
34945400557C,2022-11-21,1
34945400557C,2022-11-20,1
34945400557C,2022-11-19,1
34945400557C,2022-11-18,1
34945400557C,2022-11-17,1
34945400557C,2022-11-16,1
34945400557C,2022-11-15,1
34945400557C,2022-11-14,1
34945400557C,2022-11-13,1
34945400557C,2022-11-12,1
34945400557C,2022-11-11,1
34945400557C,2022-11-10,1
34945400557C,2022-11-09,1
34945400557C,2022-11-08,1
34945400557C,2022-11-07,1
34945400557C,2022-11-06,1
34945400557C,2022-11-05,1
34945400557C,2022-11-04,1
34945400557C,2022-11-03,1
34945400557C,2022-11-02,1
34945400557C,2022-11-01,1
3494540028BC,2022-11-30,1
3494540028BC,2022-11-29,1
3494540028BC,2022-11-28,1
3494540028BC,2022-11-27,1
3494540028BC,2022-11-26,1
3494540028BC,2022-11-25,1
3494540028BC,2022-11-24,1
3494540028BC,2022-11-23,1
3494540028BC,2022-11-22,1
3494540028BC,2022-11-21,1
3494540028BC,2022-11-20,1
3494540028BC,2022-11-19,1
3494540028BC,2022-11-18,1
3494540028BC,2022-11-17,1
3494540028BC,2022-11-16,1
3494540028BC,2022-11-15,1
3494540028BC,2022-11-14,1
3494540028BC,2022-11-13,1
3494540028BC,2022-11-12,1
3494540028BC,2022-11-11,1
3494540028BC,2022-11-10,1
349454003850,2022-11-30,1
349454003850,2022-11-29,1
349454003850,2022-11-28,1
349454003850,2022-11-27,1
349454003850,2022-11-26,1
349454003850,2022-11-25,1
349454003850,2022-11-24,1
349454003850,2022-11-23,1
349454003850,2022-11-22,1
349454003850,2022-11-21,1
349454003850,2022-11-20,1
349454003850,2022-11-19,1
349454003850,2022-11-18,1
349454003850,2022-11-17,1
349454003850,2022-11-16,1
349454003850,2022-11-15,1
349454003850,2022-11-14,1
349454003850,2022-11-13,1
349454003850,2022-11-12,1
349454003850,2022-11-11,1
349454003850,2022-11-10,1
349454003850,2022-11-09,1
349454003850,2022-11-08,1
349454003850,2022-11-07,1
349454003850,2022-11-06,1
349454003850,2022-11-05,1
349454003850,2022-11-04,1
349454003850,2022-11-03,1
349454003850,2022-11-02,1
349454003850,2022-11-01,1
349454004224,2022-11-30,1
349454004224,2022-11-29,1
349454004224,2022-11-28,1
349454004224,2022-11-27,1
349454004224,2022-11-26,1
349454004224,2022-11-25,1
349454004224,2022-11-24,1
349454004224,2022-11-23,1
349454004224,2022-11-22,1
349454004224,2022-11-21,1
349454004224,2022-11-20,1
349454004224,2022-11-19,1
349454004224,2022-11-18,1
349454004224,2022-11-17,1
349454004224,2022-11-16,1
349454004224,2022-11-15,1
349454004224,2022-11-14,1
349454004224,2022-11-13,1
349454004224,2022-11-12,1
349454004224,2022-11-11,1
349454004224,2022-11-10,1
349454004224,2022-11-09,1
349454004224,2022-11-08,1
349454004224,2022-11-07,1
349454004224,2022-11-06,1
349454004224,2022-11-05,1
349454004224,2022-11-04,1
349454004224,2022-11-03,1
349454004224,2022-11-02,1
349454004224,2022-11-01,1
0CDC7E3DA784,2022-11-30,1
0CDC7E3DA784,2022-11-29,1
0CDC7E3DA784,2022-11-28,1
0CDC7E3DA784,2022-11-27,1
0CDC7E3DA784,2022-11-26,1
0CDC7E3DA784,2022-11-25,1
0CDC7E3DA784,2022-11-24,1
0CDC7E3DA784,2022-11-23,1
0CDC7E3DA784,2022-11-22,1
0CDC7E3DA784,2022-11-21,1
0CDC7E3DA784,2022-11-20,1
0CDC7E3DA784,2022-11-19,1
0CDC7E3DA784,2022-11-18,1
0CDC7E3DA784,2022-11-17,1
0CDC7E3DA784,2022-11-16,1
0CDC7E3DA784,2022-11-15,1
0CDC7E3DA784,2022-11-14,1
0CDC7E3DA784,2022-11-13,1
0CDC7E3DA784,2022-11-12,1
0CDC7E3DA784,2022-11-11,1
0CDC7E3DA784,2022-11-10,1
0CDC7E3DA784,2022-11-09,1
0CDC7E3DA784,2022-11-08,1
0CDC7E3DA784,2022-11-07,1
0CDC7E3DA784,2022-11-06,1
0CDC7E3DA784,2022-11-05,1
0CDC7E3DA784,2022-11-04,1
0CDC7E3DA784,2022-11-03,1
0CDC7E3DA784,2022-11-02,1
0CDC7E3DA784,2022-11-01,1
A848FA942110
0CDC7E3DE72C,2022-11-30,1
0CDC7E3DE72C,2022-11-29,1
0CDC7E3DE72C,2022-11-28,1
0CDC7E3DE72C,2022-11-27,1
0CDC7E3DE72C,2022-11-26,1
0CDC7E3DE72C,2022-11-25,1
0CDC7E3DE72C,2022-11-24,1
0CDC7E3DE72C,2022-11-23,1
0CDC7E3DE72C,2022-11-22,1
0CDC7E3DE72C,2022-11-21,1
0CDC7E3DE72C,2022-11-20,1
0CDC7E3DE72C,2022-11-19,1
0CDC7E3DE72C,2022-11-18,1
0CDC7E3DE72C,2022-11-17,1
0CDC7E3DE72C,2022-11-16,1
0CDC7E3DE72C,2022-11-15,1
0CDC7E3DE72C,2022-11-14,1
0CDC7E3DE72C,2022-11-13,1
0CDC7E3DE72C,2022-11-12,1
0CDC7E3DE72C,2022-11-11,1
0CDC7E3DE72C,2022-11-10,1
0CDC7E3DE72C,2022-11-09,1
0CDC7E3DE72C,2022-11-08,1
0CDC7E3DE72C,2022-11-07,1
0CDC7E3DE72C,2022-11-06,1
0CDC7E3DE72C,2022-11-05,1
0CDC7E3DE72C,2022-11-04,1
0CDC7E3DE72C,2022-11-03,1
0CDC7E3DE72C,2022-11-02,1
0CDC7E3DE72C,2022-11-01,1
3494540021F8,2022-11-30,1
3494540021F8,2022-11-29,1
3494540021F8,2022-11-28,1
3494540021F8,2022-11-27,1
3494540021F8,2022-11-26,1
3494540021F8,2022-11-25,1
3494540021F8,2022-11-24,1
3494540021F8,2022-11-23,1
3494540021F8,2022-11-22,1
3494540021F8,2022-11-21,1
3494540021F8,2022-11-20,1
3494540021F8,2022-11-19,1
3494540021F8,2022-11-18,1
3494540021F8,2022-11-17,1
3494540021F8,2022-11-16,1
3494540021F8,2022-11-15,1
3494540021F8,2022-11-14,1
3494540021F8,2022-11-13,1
3494540021F8,2022-11-12,1
3494540021F8,2022-11-11,1
3494540021F8,2022-11-10,1
3494540021F8,2022-11-09,1
3494540021F8,2022-11-08,1
3494540021F8,2022-11-07,1
3494540021F8,2022-11-06,1
3494540021F8,2022-11-05,1
3494540021F8,2022-11-04,1
3494540021F8,2022-11-03,1
3494540021F8,2022-11-02,1
3494540021F8,2022-11-01,1
A848FA925D30,2022-11-30,1
A848FA925D30,2022-11-29,1
A848FA925D30,2022-11-28,1
A848FA925D30,2022-11-27,1
A848FA925D30,2022-11-26,1
A848FA925D30,2022-11-25,1
A848FA925D30,2022-11-24,1
A848FA925D30,2022-11-23,1
A848FA925D30,2022-11-22,1
A848FA925D30,2022-11-21,1
A848FA925D30,2022-11-20,1
A848FA925D30,2022-11-19,1
A848FA925D30,2022-11-18,1
A848FA925D30,2022-11-17,1
A848FA925D30,2022-11-16,1
A848FA925D30,2022-11-15,1
A848FA925D30,2022-11-14,1
A848FA925D30,2022-11-13,1
A848FA925D30,2022-11-12,1
A848FA925D30,2022-11-11,1
A848FA925D30,2022-11-10,1
A848FA925D30,2022-11-09,1
A848FA925D30,2022-11-08,1
A848FA925D30,2022-11-07,1
A848FA925D30,2022-11-06,1
A848FA925D30,2022-11-05,1
A848FA925D30,2022-11-04,1
A848FA925D30,2022-11-03,1
A848FA925D30,2022-11-02,1
A848FA925D30,2022-11-01,1
A848FA929154,2022-11-30,1
A848FA929154,2022-11-29,1
A848FA929154,2022-11-28,1
A848FA929154,2022-11-27,1
A848FA929154,2022-11-26,1
A848FA929154,2022-11-25,1
A848FA929154,2022-11-24,1
A848FA929154,2022-11-23,1
A848FA929154,2022-11-22,1
A848FA929154,2022-11-21,1
A848FA929154,2022-11-20,1
A848FA929154,2022-11-19,1
A848FA929154,2022-11-18,1
A848FA929154,2022-11-17,1
A848FA929154,2022-11-16,1
A848FA929154,2022-11-15,1
A848FA929154,2022-11-14,1
A848FA929154,2022-11-13,1
A848FA929154,2022-11-12,1
A848FA929154,2022-11-11,1
A848FA929154,2022-11-10,1
349454003F00,2022-11-30,1
349454003F00,2022-11-29,1
349454003F00,2022-11-28,1
349454003F00,2022-11-27,1
349454003F00,2022-11-26,1
349454003F00,2022-11-25,1
349454003F00,2022-11-24,1
349454003F00,2022-11-23,1
349454003F00,2022-11-22,1
349454003F00,2022-11-21,1
349454003F00,2022-11-20,1
349454003F00,2022-11-19,1
349454003F00,2022-11-18,1
349454003F00,2022-11-17,1
349454003F00,2022-11-16,1
349454003F00,2022-11-15,1
349454003F00,2022-11-14,1
349454003F00,2022-11-12,1
349454003F00,2022-11-11,1
349454003F00,2022-11-10,1
349454003F00,2022-11-09,1
349454003F00,2022-11-08,1
349454003F00,2022-11-07,1
349454003F00,2022-11-06,1
349454003F00,2022-11-05,1
349454003F00,2022-11-04,1
349454003F00,2022-11-03,1
349454003F00,2022-11-02,1
349454003F00,2022-11-01,1
0CDC7E3ECFFC,2022-11-29,1
0CDC7E3ECFFC,2022-11-28,1
0CDC7E3ECFFC,2022-11-25,1
0CDC7E3ECFFC,2022-11-24,1
0CDC7E3ECFFC,2022-11-23,1
0CDC7E3ECFFC,2022-11-22,1
0CDC7E3ECFFC,2022-11-19,1
0CDC7E3ECFFC,2022-11-18,1
0CDC7E3ECFFC,2022-11-16,1
0CDC7E3ECFFC,2022-11-10,1
3494540033D4,2022-11-30,1
3494540033D4,2022-11-29,1
3494540033D4,2022-11-28,1
3494540033D4,2022-11-27,1
3494540033D4,2022-11-26,1
3494540033D4,2022-11-25,1
3494540033D4,2022-11-24,1
3494540033D4,2022-11-23,1
3494540033D4,2022-11-22,1
3494540033D4,2022-11-21,1
3494540033D4,2022-11-20,1
3494540033D4,2022-11-19,1
3494540033D4,2022-11-18,1
3494540033D4,2022-11-17,1
3494540033D4,2022-11-16,1
3494540033D4,2022-11-15,1
3494540033D4,2022-11-14,1
3494540033D4,2022-11-13,1
3494540033D4,2022-11-12,1
3494540033D4,2022-11-11,1
3494540033D4,2022-11-10,1
3494540033D4,2022-11-09,1
3494540033D4,2022-11-08,1
3494540033D4,2022-11-07,1
3494540033D4,2022-11-06,1
3494540033D4,2022-11-05,1
3494540033D4,2022-11-04,1
3494540033D4,2022-11-03,1
3494540033D4,2022-11-02,1
3494540033D4,2022-11-01,1
3494540040AC,2022-11-30,1
3494540040AC,2022-11-29,1
3494540040AC,2022-11-28,1
3494540040AC,2022-11-27,1
3494540040AC,2022-11-26,1
3494540040AC,2022-11-25,1
3494540040AC,2022-11-24,1
3494540040AC,2022-11-23,1
3494540040AC,2022-11-22,1
3494540040AC,2022-11-21,1
3494540040AC,2022-11-20,1
3494540040AC,2022-11-19,1
3494540040AC,2022-11-18,1
3494540040AC,2022-11-17,1
3494540040AC,2022-11-16,1
3494540040AC,2022-11-15,1
3494540040AC,2022-11-14,1
3494540040AC,2022-11-13,1
3494540040AC,2022-11-12,1
3494540040AC,2022-11-11,1
3494540040AC,2022-11-10,1
3494540040AC,2022-11-09,1
3494540040AC,2022-11-08,1
3494540040AC,2022-11-07,1
3494540040AC,2022-11-06,1
3494540040AC,2022-11-05,1
3494540040AC,2022-11-04,1
3494540040AC,2022-11-03,1
3494540040AC,2022-11-02,1
3494540040AC,2022-11-01,1
0CDC7E3EBC94,2022-11-30,1
0CDC7E3EBC94,2022-11-29,1
0CDC7E3EBC94,2022-11-28,1
0CDC7E3EBC94,2022-11-27,1
0CDC7E3EBC94,2022-11-26,1
0CDC7E3EBC94,2022-11-25,1
0CDC7E3EBC94,2022-11-24,1
0CDC7E3EBC94,2022-11-23,1
0CDC7E3EBC94,2022-11-22,1
0CDC7E3EBC94,2022-11-21,1
0CDC7E3EBC94,2022-11-20,1
0CDC7E3EBC94,2022-11-19,1
0CDC7E3EBC94,2022-11-18,1
0CDC7E3EBC94,2022-11-17,1
0CDC7E3EBC94,2022-11-16,1
0CDC7E3EBC94,2022-11-15,1
0CDC7E3EBC94,2022-11-14,1
0CDC7E3EBC94,2022-11-13,1
0CDC7E3EBC94,2022-11-12,1
0CDC7E3EBC94,2022-11-11,1
0CDC7E3EBC94,2022-11-10,1
0CDC7E3EBC94,2022-11-09,1
0CDC7E3EBC94,2022-11-08,1
0CDC7E3EBC94,2022-11-07,1
0CDC7E3EBC94,2022-11-06,1
0CDC7E3EBC94,2022-11-05,1
0CDC7E3EBC94,2022-11-04,1
0CDC7E3EBC94,2022-11-03,1
0CDC7E3EBC94,2022-11-02,1
0CDC7E3EBC94,2022-11-01,1
0CDC7E3DA004,2022-11-30,1
0CDC7E3DA004,2022-11-29,1
0CDC7E3DA004,2022-11-28,1
0CDC7E3DA004,2022-11-27,1
0CDC7E3DA004,2022-11-26,1
0CDC7E3DA004,2022-11-25,1
0CDC7E3DA004,2022-11-24,1
0CDC7E3DA004,2022-11-23,1
0CDC7E3DA004,2022-11-22,1
0CDC7E3DA004,2022-11-21,1
0CDC7E3DA004,2022-11-20,1
0CDC7E3DA004,2022-11-19,1
0CDC7E3DA004,2022-11-18,1
0CDC7E3DA004,2022-11-17,1
0CDC7E3DA004,2022-11-16,1
0CDC7E3DA004,2022-11-15,1
0CDC7E3DA004,2022-11-14,1
0CDC7E3DA004,2022-11-13,1
0CDC7E3DA004,2022-11-12,1
0CDC7E3DA004,2022-11-11,1
0CDC7E3DA004,2022-11-10,1
0CDC7E3DA004,2022-11-09,1
0CDC7E3DA004,2022-11-08,1
0CDC7E3DA004,2022-11-07,1
0CDC7E3DA004,2022-11-06,1
0CDC7E3DA004,2022-11-05,1
0CDC7E3DA004,2022-11-04,1
0CDC7E3DA004,2022-11-03,1
0CDC7E3DA004,2022-11-02,1
0CDC7E3DA004,2022-11-01,1
0CDC7E3DDCFC,2022-11-30,1
0CDC7E3DDCFC,2022-11-29,1
0CDC7E3DDCFC,2022-11-28,1
0CDC7E3DDCFC,2022-11-27,1
0CDC7E3DDCFC,2022-11-26,1
0CDC7E3DDCFC,2022-11-25,1
0CDC7E3DDCFC,2022-11-24,1
0CDC7E3DDCFC,2022-11-23,1
0CDC7E3DDCFC,2022-11-22,1
0CDC7E3DDCFC,2022-11-21,1
0CDC7E3DDCFC,2022-11-20,1
0CDC7E3DDCFC,2022-11-19,1
0CDC7E3DDCFC,2022-11-18,1
0CDC7E3DDCFC,2022-11-17,1
0CDC7E3DDCFC,2022-11-16,1
0CDC7E3DDCFC,2022-11-15,1
0CDC7E3DDCFC,2022-11-14,1
0CDC7E3DDCFC,2022-11-13,1
0CDC7E3DDCFC,2022-11-12,1
0CDC7E3DDCFC,2022-11-11,1
0CDC7E3DDCFC,2022-11-10,1
0CDC7E3DDCFC,2022-11-09,1
0CDC7E3DDCFC,2022-11-08,1
0CDC7E3DDCFC,2022-11-07,1
0CDC7E3DDCFC,2022-11-06,1
0CDC7E3DDCFC,2022-11-05,1
0CDC7E3DDCFC,2022-11-04,1
0CDC7E3DDCFC,2022-11-03,1
0CDC7E3DDCFC,2022-11-02,1
0CDC7E3DDCFC,2022-11-01,1
0CDC7E3DA610,2022-11-30,1
0CDC7E3DA610,2022-11-29,1
0CDC7E3DA610,2022-11-28,1
0CDC7E3DA610,2022-11-27,1
0CDC7E3DA610,2022-11-26,1
0CDC7E3DA610,2022-11-25,1
0CDC7E3DA610,2022-11-24,1
0CDC7E3DA610,2022-11-23,1
0CDC7E3DA610,2022-11-22,1
0CDC7E3DA610,2022-11-21,1
0CDC7E3DA610,2022-11-20,1
0CDC7E3DA610,2022-11-19,1
0CDC7E3DA610,2022-11-18,1
0CDC7E3DA610,2022-11-17,1
0CDC7E3DA610,2022-11-16,1
0CDC7E3DA610,2022-11-15,1
0CDC7E3DA610,2022-11-14,1
0CDC7E3DA610,2022-11-13,1
0CDC7E3DA610,2022-11-12,1
0CDC7E3DA610,2022-11-11,1
0CDC7E3DA610,2022-11-10,1
0CDC7E3DA610,2022-11-09,1
0CDC7E3DA610,2022-11-08,1
0CDC7E3DA610,2022-11-07,1
0CDC7E3DA610,2022-11-06,1
0CDC7E3DA610,2022-11-05,1
0CDC7E3DA610,2022-11-04,1
0CDC7E3DA610,2022-11-03,1
0CDC7E3DA610,2022-11-02,1
0CDC7E3DA610,2022-11-01,1
0CDC7E3DD1C4,2022-11-30,1
0CDC7E3DD1C4,2022-11-29,1
0CDC7E3DD1C4,2022-11-28,1
0CDC7E3DD1C4,2022-11-27,1
0CDC7E3DD1C4,2022-11-26,1
0CDC7E3DD1C4,2022-11-25,1
0CDC7E3DD1C4,2022-11-24,1
0CDC7E3DD1C4,2022-11-23,1
0CDC7E3DD1C4,2022-11-22,1
0CDC7E3DD1C4,2022-11-21,1
0CDC7E3DD1C4,2022-11-20,1
0CDC7E3DD1C4,2022-11-19,1
0CDC7E3DD1C4,2022-11-18,1
0CDC7E3DD1C4,2022-11-17,1
0CDC7E3DD1C4,2022-11-16,1
0CDC7E3DD1C4,2022-11-15,1
0CDC7E3DD1C4,2022-11-14,1
0CDC7E3DD1C4,2022-11-13,1
0CDC7E3DD1C4,2022-11-12,1
0CDC7E3DD1C4,2022-11-11,1
0CDC7E3DD1C4,2022-11-10,1
0CDC7E3DD1C4,2022-11-09,1
0CDC7E3DD1C4,2022-11-08,1
0CDC7E3DD1C4,2022-11-07,1
0CDC7E3DD1C4,2022-11-06,1
0CDC7E3DD1C4,2022-11-05,1
0CDC7E3DD1C4,2022-11-04,1
0CDC7E3DD1C4,2022-11-03,1
0CDC7E3DD1C4,2022-11-02,1
0CDC7E3DD1C4,2022-11-01,1
0CDC7E3EFBEC,2022-11-30,1
0CDC7E3EFBEC,2022-11-29,1
0CDC7E3EFBEC,2022-11-28,1
0CDC7E3EFBEC,2022-11-27,1
0CDC7E3EFBEC,2022-11-26,1
0CDC7E3EFBEC,2022-11-25,1
0CDC7E3EFBEC,2022-11-24,1
0CDC7E3EFBEC,2022-11-23,1
0CDC7E3EFBEC,2022-11-22,1
0CDC7E3EFBEC,2022-11-21,1
0CDC7E3EFBEC,2022-11-20,1
0CDC7E3EFBEC,2022-11-19,1
0CDC7E3EFBEC,2022-11-18,1
0CDC7E3EFBEC,2022-11-17,1
0CDC7E3EFBEC,2022-11-16,1
0CDC7E3EFBEC,2022-11-15,1
0CDC7E3EFBEC,2022-11-14,1
0CDC7E3EFBEC,2022-11-13,1
0CDC7E3EFBEC,2022-11-12,1
0CDC7E3EFBEC,2022-11-11,1
0CDC7E3EFBEC,2022-11-10,1
0CDC7E3EFBEC,2022-11-09,1
0CDC7E3EFBEC,2022-11-08,1
0CDC7E3EFBEC,2022-11-07,1
0CDC7E3EFBEC,2022-11-06,1
0CDC7E3EFBEC,2022-11-05,1
0CDC7E3EFBEC,2022-11-04,1
0CDC7E3EFBEC,2022-11-03,1
0CDC7E3EFBEC,2022-11-02,1
0CDC7E3EFBEC,2022-11-01,1
0CDC7E3DD1CC,2022-11-30,1
0CDC7E3DD1CC,2022-11-29,1
0CDC7E3DD1CC,2022-11-28,1
0CDC7E3DD1CC,2022-11-27,1
0CDC7E3DD1CC,2022-11-26,1
0CDC7E3DD1CC,2022-11-25,1
0CDC7E3DD1CC,2022-11-24,1
0CDC7E3DD1CC,2022-11-23,1
0CDC7E3DD1CC,2022-11-22,1
0CDC7E3DD1CC,2022-11-21,1
0CDC7E3DD1CC,2022-11-20,1
0CDC7E3DD1CC,2022-11-19,1
0CDC7E3DD1CC,2022-11-18,1
0CDC7E3DD1CC,2022-11-17,1
0CDC7E3DD1CC,2022-11-16,1
0CDC7E3DD1CC,2022-11-15,1
0CDC7E3DD1CC,2022-11-14,1
0CDC7E3DD1CC,2022-11-13,1
0CDC7E3DD1CC,2022-11-12,1
0CDC7E3DD1CC,2022-11-11,1
0CDC7E3DD1CC,2022-11-10,1
0CDC7E3DD1CC,2022-11-09,1
0CDC7E3DD1CC,2022-11-08,1
0CDC7E3DD1CC,2022-11-07,1
0CDC7E3DD1CC,2022-11-06,1
0CDC7E3DD1CC,2022-11-05,1
0CDC7E3DD1CC,2022-11-04,1
0CDC7E3DD1CC,2022-11-03,1
0CDC7E3DD1CC,2022-11-02,1
0CDC7E3DD1CC,2022-11-01,1
349454002878,2022-11-30,1
349454002878,2022-11-29,1
349454002878,2022-11-28,1
349454002878,2022-11-27,1
349454002878,2022-11-26,1
349454002878,2022-11-25,1
349454002878,2022-11-24,1
349454002878,2022-11-23,1
349454002878,2022-11-22,1
349454002878,2022-11-21,1
349454002878,2022-11-20,1
349454002878,2022-11-19,1
349454002878,2022-11-18,1
349454002878,2022-11-17,1
349454002878,2022-11-16,1
349454002878,2022-11-15,1
349454002878,2022-11-14,1
349454002878,2022-11-13,1
349454002878,2022-11-12,1
349454002878,2022-11-11,1
349454002878,2022-11-10,1
349454002878,2022-11-09,1
349454002878,2022-11-08,1
349454002878,2022-11-07,1
349454002878,2022-11-06,1
349454002878,2022-11-05,1
349454002878,2022-11-04,1
349454002878,2022-11-03,1
349454002878,2022-11-02,1
349454002878,2022-11-01,1
0CDC7E3DCDB4,2022-11-30,1
0CDC7E3DCDB4,2022-11-29,1
0CDC7E3DCDB4,2022-11-28,1
0CDC7E3DCDB4,2022-11-27,1
0CDC7E3DCDB4,2022-11-26,1
0CDC7E3DCDB4,2022-11-25,1
0CDC7E3DCDB4,2022-11-24,1
0CDC7E3DCDB4,2022-11-23,1
0CDC7E3DCDB4,2022-11-22,1
0CDC7E3DCDB4,2022-11-21,1
0CDC7E3DCDB4,2022-11-20,1
0CDC7E3DCDB4,2022-11-19,1
0CDC7E3DCDB4,2022-11-18,1
0CDC7E3DCDB4,2022-11-17,1
0CDC7E3DCDB4,2022-11-16,1
0CDC7E3DCDB4,2022-11-15,1
0CDC7E3DCDB4,2022-11-14,1
0CDC7E3DCDB4,2022-11-13,1
0CDC7E3DCDB4,2022-11-12,1
0CDC7E3DCDB4,2022-11-11,1
0CDC7E3DCDB4,2022-11-10,1
0CDC7E3DCDB4,2022-11-09,1
0CDC7E3DCDB4,2022-11-08,1
0CDC7E3DCDB4,2022-11-07,1
0CDC7E3DCDB4,2022-11-05,1
0CDC7E3DCDB4,2022-11-04,1
0CDC7E3DCDB4,2022-11-03,1
0CDC7E3DCDB4,2022-11-02,1
0CDC7E3DCDB4,2022-11-01,1
0CDC7E3DD778,2022-11-30,1
0CDC7E3DD778,2022-11-29,1
0CDC7E3DD778,2022-11-28,1
0CDC7E3DD778,2022-11-27,1
0CDC7E3DD778,2022-11-26,1
0CDC7E3DD778,2022-11-25,1
0CDC7E3DD778,2022-11-24,1
0CDC7E3DD778,2022-11-23,1
0CDC7E3DD778,2022-11-22,1
0CDC7E3DD778,2022-11-21,1
0CDC7E3DD778,2022-11-20,1
0CDC7E3DD778,2022-11-19,1
0CDC7E3DD778,2022-11-18,1
0CDC7E3DD778,2022-11-17,1
0CDC7E3DD778,2022-11-16,1
0CDC7E3DD778,2022-11-15,1
0CDC7E3DD778,2022-11-14,1
0CDC7E3DD778,2022-11-13,1
0CDC7E3DD778,2022-11-12,1
0CDC7E3DD778,2022-11-11,1
0CDC7E3DD778,2022-11-10,1
0CDC7E3DD778,2022-11-09,1
0CDC7E3DD778,2022-11-08,1
0CDC7E3DD778,2022-11-07,1
0CDC7E3DD778,2022-11-06,1
0CDC7E3DD778,2022-11-05,1
0CDC7E3DD778,2022-11-04,1
0CDC7E3DD778,2022-11-03,1
0CDC7E3DD778,2022-11-02,1
0CDC7E3DD778,2022-11-01,1
0CDC7E3CF3BC,2022-11-30,1
0CDC7E3CF3BC,2022-11-29,1
0CDC7E3CF3BC,2022-11-28,1
0CDC7E3CF3BC,2022-11-27,1
0CDC7E3CF3BC,2022-11-26,1
0CDC7E3CF3BC,2022-11-25,1
0CDC7E3CF3BC,2022-11-24,1
0CDC7E3CF3BC,2022-11-23,1
0CDC7E3CF3BC,2022-11-22,1
0CDC7E3CF3BC,2022-11-21,1
0CDC7E3CF3BC,2022-11-20,1
0CDC7E3CF3BC,2022-11-19,1
0CDC7E3CF3BC,2022-11-18,1
0CDC7E3CF3BC,2022-11-17,1
0CDC7E3CF3BC,2022-11-16,1
0CDC7E3CF3BC,2022-11-15,1
0CDC7E3CF3BC,2022-11-14,1
0CDC7E3CF3BC,2022-11-13,1
0CDC7E3CF3BC,2022-11-12,1
0CDC7E3CF3BC,2022-11-11,1
0CDC7E3CF3BC,2022-11-10,1
0CDC7E3CF3BC,2022-11-09,1
0CDC7E3CF3BC,2022-11-08,1
0CDC7E3CF3BC,2022-11-07,1
0CDC7E3CF3BC,2022-11-06,1
0CDC7E3CF3BC,2022-11-05,1
0CDC7E3CF3BC,2022-11-04,1
0CDC7E3CF3BC,2022-11-03,1
0CDC7E3CF3BC,2022-11-02,1
0CDC7E3CF3BC,2022-11-01,1
A848FA946598,2022-11-30,1
A848FA946598,2022-11-29,1
A848FA946598,2022-11-28,1
A848FA946598,2022-11-27,1
A848FA946598,2022-11-26,1
A848FA946598,2022-11-25,1
A848FA946598,2022-11-24,1
A848FA946598,2022-11-23,1
A848FA946598,2022-11-22,1
A848FA946598,2022-11-21,1
A848FA946598,2022-11-20,1
A848FA946598,2022-11-19,1
A848FA946598,2022-11-18,1
A848FA946598,2022-11-17,1
A848FA946598,2022-11-16,1
A848FA946598,2022-11-15,1
A848FA946598,2022-11-14,1
A848FA946598,2022-11-13,1
A848FA946598,2022-11-12,1
A848FA946598,2022-11-11,1
A848FA946598,2022-11-10,1
A848FA946598,2022-11-09,1
A848FA946598,2022-11-08,1
A848FA946598,2022-11-07,1
A848FA946598,2022-11-06,1
A848FA946598,2022-11-05,1
A848FA946598,2022-11-04,1
A848FA946598,2022-11-03,1
A848FA946598,2022-11-02,1
A848FA946598,2022-11-01,1
349454004978,2022-11-30,1
349454004978,2022-11-29,1
349454004978,2022-11-28,1
349454004978,2022-11-27,1
349454004978,2022-11-26,1
349454004978,2022-11-25,1
349454004978,2022-11-24,1
349454004978,2022-11-23,1
349454004978,2022-11-22,1
349454004978,2022-11-21,1
349454004978,2022-11-20,1
349454004978,2022-11-19,1
349454004978,2022-11-18,1
349454004978,2022-11-17,1
349454004978,2022-11-16,1
349454004978,2022-11-15,1
349454004978,2022-11-14,1
349454004978,2022-11-13,1
349454004978,2022-11-12,1
349454004978,2022-11-11,1
349454004978,2022-11-10,1
349454004978,2022-11-09,1
349454004978,2022-11-08,1
349454004978,2022-11-07,1
349454004978,2022-11-06,1
349454004978,2022-11-05,1
349454004978,2022-11-04,1
349454004978,2022-11-03,1
349454004978,2022-11-02,1
349454004978,2022-11-01,1
3494540037EC,2022-11-30,1
3494540037EC,2022-11-29,1
3494540037EC,2022-11-28,1
3494540037EC,2022-11-27,1
3494540037EC,2022-11-26,1
3494540037EC,2022-11-25,1
3494540037EC,2022-11-24,1
3494540037EC,2022-11-23,1
3494540037EC,2022-11-22,1
3494540037EC,2022-11-21,1
3494540037EC,2022-11-20,1
3494540037EC,2022-11-19,1
3494540037EC,2022-11-18,1
3494540037EC,2022-11-17,1
3494540037EC,2022-11-16,1
3494540037EC,2022-11-15,1
3494540037EC,2022-11-14,1
3494540037EC,2022-11-13,1
3494540037EC,2022-11-12,1
3494540037EC,2022-11-11,1
3494540037EC,2022-11-10,1
3494540037EC,2022-11-09,1
3494540037EC,2022-11-08,1
3494540037EC,2022-11-07,1
3494540037EC,2022-11-06,1
3494540037EC,2022-11-05,1
3494540037EC,2022-11-04,1
3494540037EC,2022-11-03,1
3494540037EC,2022-11-02,1
3494540037EC,2022-11-01,1
A848FA9488DC,2022-11-30,1
A848FA9488DC,2022-11-29,1
A848FA9488DC,2022-11-28,1
A848FA9488DC,2022-11-27,1
A848FA9488DC,2022-11-26,1
A848FA9488DC,2022-11-25,1
A848FA9488DC,2022-11-24,1
A848FA9488DC,2022-11-23,1
A848FA9488DC,2022-11-22,1
A848FA9488DC,2022-11-21,1
A848FA9488DC,2022-11-20,1
A848FA9488DC,2022-11-19,1
A848FA9488DC,2022-11-18,1
A848FA9488DC,2022-11-17,1
A848FA9488DC,2022-11-16,1
A848FA9488DC,2022-11-15,1
A848FA9488DC,2022-11-14,1
A848FA9488DC,2022-11-13,1
A848FA9488DC,2022-11-12,1
A848FA9488DC,2022-11-11,1
A848FA9488DC,2022-11-10,1
0CDC7E3DCF04,2022-11-30,1
0CDC7E3DCF04,2022-11-29,1
0CDC7E3DCF04,2022-11-28,1
0CDC7E3DCF04,2022-11-27,1
0CDC7E3DCF04,2022-11-26,1
0CDC7E3DCF04,2022-11-25,1
0CDC7E3DCF04,2022-11-24,1
0CDC7E3DCF04,2022-11-23,1
0CDC7E3DCF04,2022-11-22,1
0CDC7E3DCF04,2022-11-21,1
0CDC7E3DCF04,2022-11-20,1
0CDC7E3DCF04,2022-11-19,1
0CDC7E3DCF04,2022-11-18,1
0CDC7E3DCF04,2022-11-17,1
0CDC7E3DCF04,2022-11-16,1
0CDC7E3DCF04,2022-11-15,1
0CDC7E3DCF04,2022-11-14,1
0CDC7E3DCF04,2022-11-13,1
0CDC7E3DCF04,2022-11-12,1
0CDC7E3DCF04,2022-11-11,1
0CDC7E3DCF04,2022-11-10,1
0CDC7E3DCF04,2022-11-09,1
0CDC7E3DCF04,2022-11-08,1
0CDC7E3DCF04,2022-11-07,1
0CDC7E3DCF04,2022-11-06,1
0CDC7E3DCF04,2022-11-05,1
0CDC7E3DCF04,2022-11-04,1
0CDC7E3DCF04,2022-11-03,1
0CDC7E3DCF04,2022-11-02,1
0CDC7E3DCF04,2022-11-01,1
349454004A40,2022-11-30,1
349454004A40,2022-11-29,1
349454004A40,2022-11-28,1
349454004A40,2022-11-27,1
349454004A40,2022-11-26,1
349454004A40,2022-11-25,1
349454004A40,2022-11-24,1
349454004A40,2022-11-23,1
349454004A40,2022-11-22,1
349454004A40,2022-11-21,1
349454004A40,2022-11-20,1
349454004A40,2022-11-19,1
349454004A40,2022-11-18,1
349454004A40,2022-11-17,1
349454004A40,2022-11-16,1
349454004A40,2022-11-15,1
349454004A40,2022-11-14,1
349454004A40,2022-11-13,1
349454004A40,2022-11-12,1
349454004A40,2022-11-11,1
349454004A40,2022-11-10,1
349454004A40,2022-11-09,1
349454004A40,2022-11-08,1
349454004A40,2022-11-07,1
349454004A40,2022-11-06,1
349454004A40,2022-11-05,1
349454004A40,2022-11-04,1
349454004A40,2022-11-03,1
349454004A40,2022-11-02,1
349454004A40,2022-11-01,1
349454005350,2022-11-30,1
349454005350,2022-11-29,1
349454005350,2022-11-28,1
349454005350,2022-11-27,1
349454005350,2022-11-26,1
349454005350,2022-11-25,1
349454005350,2022-11-24,1
349454005350,2022-11-23,1
349454005350,2022-11-22,1
349454005350,2022-11-21,1
349454005350,2022-11-20,1
349454005350,2022-11-19,1
349454005350,2022-11-18,1
349454005350,2022-11-17,1
349454005350,2022-11-16,1
349454005350,2022-11-15,1
349454005350,2022-11-14,1
349454005350,2022-11-13,1
349454005350,2022-11-12,1
349454005350,2022-11-11,1
349454005350,2022-11-10,1
349454005350,2022-11-09,1
349454005350,2022-11-08,1
349454005350,2022-11-07,1
349454005350,2022-11-05,1
349454005350,2022-11-04,1
349454005350,2022-11-03,1
349454005350,2022-11-02,1
349454005350,2022-11-01,1
349454002174,2022-11-30,1
349454002174,2022-11-29,1
349454002174,2022-11-28,1
349454002174,2022-11-27,1
349454002174,2022-11-26,1
349454002174,2022-11-25,1
349454002174,2022-11-24,1
349454002174,2022-11-23,1
349454002174,2022-11-22,1
349454002174,2022-11-21,1
349454002174,2022-11-20,1
349454002174,2022-11-19,1
349454002174,2022-11-18,1
349454002174,2022-11-17,1
349454002174,2022-11-16,1
349454002174,2022-11-15,1
349454002174,2022-11-14,1
349454002174,2022-11-13,1
349454002174,2022-11-12,1
349454002174,2022-11-11,1
349454002174,2022-11-10,1
349454002D90,2022-11-30,1
349454002D90,2022-11-29,1
349454002D90,2022-11-28,1
349454002D90,2022-11-27,1
349454002D90,2022-11-26,1
349454002D90,2022-11-25,1
349454002D90,2022-11-24,1
349454002D90,2022-11-23,1
349454002D90,2022-11-22,1
349454002D90,2022-11-21,1
349454002D90,2022-11-20,1
349454002D90,2022-11-19,1
349454002D90,2022-11-18,1
349454002D90,2022-11-17,1
349454002D90,2022-11-16,1
349454002D90,2022-11-15,1
349454002D90,2022-11-14,1
349454002D90,2022-11-13,1
349454002D90,2022-11-12,1
349454002D90,2022-11-11,1
349454002D90,2022-11-10,1
349454002D90,2022-11-09,1
349454002D90,2022-11-08,1
349454002D90,2022-11-07,1
349454002D90,2022-11-06,1
349454002D90,2022-11-05,1
349454002D90,2022-11-04,1
349454002D90,2022-11-03,1
349454002D90,2022-11-02,1
349454002D90,2022-11-01,1
0CDC7E3DA5D0,2022-11-30,1
0CDC7E3DA5D0,2022-11-29,1
0CDC7E3DA5D0,2022-11-28,1
0CDC7E3DA5D0,2022-11-27,1
0CDC7E3DA5D0,2022-11-26,1
0CDC7E3DA5D0,2022-11-25,1
0CDC7E3DA5D0,2022-11-24,1
0CDC7E3DA5D0,2022-11-23,1
0CDC7E3DA5D0,2022-11-22,1
0CDC7E3DA5D0,2022-11-21,1
0CDC7E3DA5D0,2022-11-20,1
0CDC7E3DA5D0,2022-11-19,1
0CDC7E3DA5D0,2022-11-18,1
0CDC7E3DA5D0,2022-11-17,1
0CDC7E3DA5D0,2022-11-16,1
0CDC7E3DA5D0,2022-11-15,1
0CDC7E3DA5D0,2022-11-14,1
0CDC7E3DA5D0,2022-11-13,1
0CDC7E3DA5D0,2022-11-12,1
0CDC7E3DA5D0,2022-11-11,1
0CDC7E3DA5D0,2022-11-10,1
0CDC7E3DA5D0,2022-11-09,1
0CDC7E3DA5D0,2022-11-08,1
0CDC7E3DA5D0,2022-11-07,1
0CDC7E3DA5D0,2022-11-06,1
0CDC7E3DA5D0,2022-11-05,1
0CDC7E3DA5D0,2022-11-04,1
0CDC7E3DA5D0,2022-11-03,1
0CDC7E3DA5D0,2022-11-02,1
0CDC7E3DA5D0,2022-11-01,1
A848FA943ACC,2022-11-30,1
A848FA943ACC,2022-11-29,1
A848FA943ACC,2022-11-28,1
A848FA943ACC,2022-11-27,1
A848FA943ACC,2022-11-26,1
A848FA943ACC,2022-11-25,1
A848FA943ACC,2022-11-24,1
A848FA943ACC,2022-11-23,1
A848FA943ACC,2022-11-22,1
A848FA943ACC,2022-11-21,1
A848FA943ACC,2022-11-20,1
A848FA943ACC,2022-11-19,1
A848FA943ACC,2022-11-18,1
A848FA943ACC,2022-11-17,1
A848FA943ACC,2022-11-16,1
A848FA943ACC,2022-11-15,1
A848FA943ACC,2022-11-14,1
A848FA943ACC,2022-11-13,1
A848FA943ACC,2022-11-12,1
A848FA943ACC,2022-11-11,1
A848FA943ACC,2022-11-10,1
A848FA943ACC,2022-11-09,1
A848FA943ACC,2022-11-08,1
A848FA943ACC,2022-11-07,1
A848FA943ACC,2022-11-06,1
A848FA943ACC,2022-11-05,1
A848FA943ACC,2022-11-04,1
A848FA943ACC,2022-11-03,1
A848FA943ACC,2022-11-02,1
A848FA943ACC,2022-11-01,1
0CDC7E3DD474,2022-11-30,1
0CDC7E3DD474,2022-11-29,1
0CDC7E3DD474,2022-11-28,1
0CDC7E3DD474,2022-11-27,1
0CDC7E3DD474,2022-11-26,1
0CDC7E3DD474,2022-11-25,1
0CDC7E3DD474,2022-11-24,1
0CDC7E3DD474,2022-11-23,1
0CDC7E3DD474,2022-11-22,1
0CDC7E3DD474,2022-11-21,1
0CDC7E3DD474,2022-11-20,1
0CDC7E3DD474,2022-11-19,1
0CDC7E3DD474,2022-11-18,1
0CDC7E3DD474,2022-11-17,1
0CDC7E3DD474,2022-11-16,1
0CDC7E3DD474,2022-11-15,1
0CDC7E3DD474,2022-11-14,1
0CDC7E3DD474,2022-11-13,1
0CDC7E3DD474,2022-11-12,1
0CDC7E3DD474,2022-11-11,1
0CDC7E3DD474,2022-11-10,1
0CDC7E3DD474,2022-11-09,1
0CDC7E3DD474,2022-11-08,1
0CDC7E3DD474,2022-11-07,1
0CDC7E3DD474,2022-11-06,1
0CDC7E3DD474,2022-11-05,1
0CDC7E3DD474,2022-11-04,1
0CDC7E3DD474,2022-11-03,1
0CDC7E3DD474,2022-11-02,1
0CDC7E3DD474,2022-11-01,1
0CDC7E3CF558,2022-11-30,1
0CDC7E3CF558,2022-11-29,1
0CDC7E3CF558,2022-11-28,1
0CDC7E3CF558,2022-11-27,1
0CDC7E3CF558,2022-11-26,1
0CDC7E3CF558,2022-11-25,1
0CDC7E3CF558,2022-11-24,1
0CDC7E3CF558,2022-11-23,1
0CDC7E3CF558,2022-11-22,1
0CDC7E3CF558,2022-11-21,1
0CDC7E3CF558,2022-11-20,1
0CDC7E3CF558,2022-11-19,1
0CDC7E3CF558,2022-11-18,1
0CDC7E3CF558,2022-11-17,1
0CDC7E3CF558,2022-11-16,1
0CDC7E3CF558,2022-11-15,1
0CDC7E3CF558,2022-11-14,1
0CDC7E3CF558,2022-11-13,1
0CDC7E3CF558,2022-11-12,1
0CDC7E3CF558,2022-11-11,1
0CDC7E3CF558,2022-11-10,1
0CDC7E3CF558,2022-11-09,1
0CDC7E3CF558,2022-11-08,1
0CDC7E3CF558,2022-11-07,1
0CDC7E3CF558,2022-11-06,1
0CDC7E3CF558,2022-11-05,1
0CDC7E3CF558,2022-11-04,1
0CDC7E3CF558,2022-11-03,1
0CDC7E3CF558,2022-11-02,1
0CDC7E3CF558,2022-11-01,1
A848FA92C0F0,2022-11-30,1
A848FA92C0F0,2022-11-29,1
A848FA92C0F0,2022-11-28,1
A848FA92C0F0,2022-11-27,1
A848FA92C0F0,2022-11-26,1
A848FA92C0F0,2022-11-25,1
A848FA92C0F0,2022-11-24,1
A848FA92C0F0,2022-11-23,1
A848FA92C0F0,2022-11-22,1
A848FA92C0F0,2022-11-21,1
A848FA92C0F0,2022-11-20,1
A848FA92C0F0,2022-11-19,1
A848FA92C0F0,2022-11-18,1
A848FA92C0F0,2022-11-17,1
349454002AD4,2022-11-30,1
349454002AD4,2022-11-29,1
349454002AD4,2022-11-28,1
349454002AD4,2022-11-27,1
349454002AD4,2022-11-26,1
349454002AD4,2022-11-25,1
349454002AD4,2022-11-24,1
349454002AD4,2022-11-23,1
349454002AD4,2022-11-22,1
349454002AD4,2022-11-21,1
349454002AD4,2022-11-20,1
349454002AD4,2022-11-19,1
349454002AD4,2022-11-18,1
349454002AD4,2022-11-17,1
349454002AD4,2022-11-16,1
349454002AD4,2022-11-15,1
349454002AD4,2022-11-14,1
349454002AD4,2022-11-13,1
349454002AD4,2022-11-12,1
349454002AD4,2022-11-11,1
349454002AD4,2022-11-10,1
349454002AD4,2022-11-09,1
349454002AD4,2022-11-08,1
349454002AD4,2022-11-07,1
349454002AD4,2022-11-06,1
349454002AD4,2022-11-05,1
349454002AD4,2022-11-04,1
349454002AD4,2022-11-03,1
349454002AD4,2022-11-02,1
349454002AD4,2022-11-01,1
0CDC7E3CC414,2022-11-30,1
0CDC7E3CC414,2022-11-29,1
0CDC7E3CC414,2022-11-28,1
0CDC7E3CC414,2022-11-27,1
0CDC7E3CC414,2022-11-26,1
0CDC7E3CC414,2022-11-25,1
0CDC7E3CC414,2022-11-24,1
0CDC7E3CC414,2022-11-23,1
0CDC7E3CC414,2022-11-22,1
0CDC7E3CC414,2022-11-21,1
0CDC7E3CC414,2022-11-20,1
0CDC7E3CC414,2022-11-19,1
0CDC7E3CC414,2022-11-18,1
0CDC7E3CC414,2022-11-17,1
0CDC7E3CC414,2022-11-16,1
0CDC7E3CC414,2022-11-15,1
0CDC7E3CC414,2022-11-14,1
0CDC7E3CC414,2022-11-13,1
0CDC7E3CC414,2022-11-12,1
0CDC7E3CC414,2022-11-11,1
0CDC7E3CC414,2022-11-10,1
0CDC7E3CC414,2022-11-09,1
0CDC7E3CC414,2022-11-08,1
0CDC7E3CC414,2022-11-07,1
0CDC7E3CC414,2022-11-06,1
0CDC7E3CC414,2022-11-05,1
0CDC7E3CC414,2022-11-04,1
0CDC7E3CC414,2022-11-03,1
0CDC7E3CC414,2022-11-02,1
0CDC7E3CC414,2022-11-01,1
0CDC7E3DC268,2022-11-30,1
0CDC7E3DC268,2022-11-29,1
0CDC7E3DC268,2022-11-28,1
0CDC7E3DC268,2022-11-27,1
0CDC7E3DC268,2022-11-26,1
0CDC7E3DC268,2022-11-25,1
0CDC7E3DC268,2022-11-24,1
0CDC7E3DC268,2022-11-23,1
0CDC7E3DC268,2022-11-22,1
0CDC7E3DC268,2022-11-21,1
0CDC7E3DC268,2022-11-20,1
0CDC7E3DC268,2022-11-19,1
0CDC7E3DC268,2022-11-18,1
0CDC7E3DC268,2022-11-17,1
0CDC7E3DC268,2022-11-16,1
0CDC7E3DC268,2022-11-15,1
0CDC7E3DC268,2022-11-14,1
0CDC7E3DC268,2022-11-13,1
0CDC7E3DC268,2022-11-12,1
0CDC7E3DC268,2022-11-11,1
0CDC7E3DC268,2022-11-10,1
0CDC7E3DC268,2022-11-09,1
0CDC7E3DC268,2022-11-08,1
0CDC7E3DC268,2022-11-07,1
0CDC7E3DC268,2022-11-06,1
0CDC7E3DC268,2022-11-05,1
0CDC7E3DC268,2022-11-04,1
0CDC7E3DC268,2022-11-03,1
0CDC7E3DC268,2022-11-02,1
0CDC7E3DC268,2022-11-01,1
349454002204,2022-11-30,1
349454002204,2022-11-29,1
349454002204,2022-11-28,1
349454002204,2022-11-27,1
349454002204,2022-11-26,1
349454002204,2022-11-25,1
349454002204,2022-11-24,1
349454002204,2022-11-23,1
349454002204,2022-11-22,1
349454002204,2022-11-21,1
349454002204,2022-11-20,1
349454002204,2022-11-19,1
349454002204,2022-11-18,1
349454002204,2022-11-17,1
349454002204,2022-11-16,1
349454002204,2022-11-15,1
349454002204,2022-11-14,1
349454002204,2022-11-13,1
349454002204,2022-11-12,1
349454002204,2022-11-11,1
349454002204,2022-11-10,1
349454002204,2022-11-09,1
349454002204,2022-11-08,1
349454002204,2022-11-07,1
349454002204,2022-11-06,1
349454002204,2022-11-05,1
349454002204,2022-11-04,1
349454002204,2022-11-03,1
349454002204,2022-11-02,1
349454002204,2022-11-01,1
349454004DC8,2022-11-30,1
349454004DC8,2022-11-29,1
349454004DC8,2022-11-28,1
349454004DC8,2022-11-27,1
349454004DC8,2022-11-26,1
349454004DC8,2022-11-25,1
349454004DC8,2022-11-24,1
349454004DC8,2022-11-23,1
349454004DC8,2022-11-22,1
349454004DC8,2022-11-21,1
349454004DC8,2022-11-20,1
349454004DC8,2022-11-19,1
349454004DC8,2022-11-18,1
349454004DC8,2022-11-17,1
349454004DC8,2022-11-16,1
349454004DC8,2022-11-15,1
349454004DC8,2022-11-14,1
349454004DC8,2022-11-13,1
349454004DC8,2022-11-12,1
349454004DC8,2022-11-11,1
349454004DC8,2022-11-10,1
349454004DC8,2022-11-09,1
349454004DC8,2022-11-08,1
349454004DC8,2022-11-07,1
349454004DC8,2022-11-06,1
349454004DC8,2022-11-05,1
349454004DC8,2022-11-04,1
349454004DC8,2022-11-03,1
349454004DC8,2022-11-02,1
349454004DC8,2022-11-01,1
0CDC7E3DE4C0,2022-11-30,1
0CDC7E3DE4C0,2022-11-29,1
0CDC7E3DE4C0,2022-11-28,1
0CDC7E3DE4C0,2022-11-27,1
0CDC7E3DE4C0,2022-11-26,1
0CDC7E3DE4C0,2022-11-25,1
0CDC7E3DE4C0,2022-11-24,1
0CDC7E3DE4C0,2022-11-23,1
0CDC7E3DE4C0,2022-11-22,1
0CDC7E3DE4C0,2022-11-21,1
0CDC7E3DE4C0,2022-11-20,1
0CDC7E3DE4C0,2022-11-19,1
0CDC7E3DE4C0,2022-11-18,1
0CDC7E3DE4C0,2022-11-17,1
0CDC7E3DE4C0,2022-11-16,1
0CDC7E3DE4C0,2022-11-15,1
0CDC7E3DE4C0,2022-11-14,1
0CDC7E3DE4C0,2022-11-13,1
0CDC7E3DE4C0,2022-11-12,1
0CDC7E3DE4C0,2022-11-11,1
0CDC7E3DE4C0,2022-11-10,1
0CDC7E3DE4C0,2022-11-09,1
0CDC7E3DE4C0,2022-11-08,1
0CDC7E3DE4C0,2022-11-07,1
0CDC7E3DE4C0,2022-11-06,1
0CDC7E3DE4C0,2022-11-05,1
0CDC7E3DE4C0,2022-11-04,1
0CDC7E3DE4C0,2022-11-03,1
0CDC7E3DE4C0,2022-11-02,1
0CDC7E3DE4C0,2022-11-01,1
0CDC7E3DB290,2022-11-30,1
0CDC7E3DB290,2022-11-29,1
0CDC7E3DB290,2022-11-28,1
0CDC7E3DB290,2022-11-27,1
0CDC7E3DB290,2022-11-26,1
0CDC7E3DB290,2022-11-25,1
0CDC7E3DB290,2022-11-24,1
0CDC7E3DB290,2022-11-23,1
0CDC7E3DB290,2022-11-22,1
0CDC7E3DB290,2022-11-21,1
0CDC7E3DB290,2022-11-20,1
0CDC7E3DB290,2022-11-19,1
0CDC7E3DB290,2022-11-18,1
0CDC7E3DB290,2022-11-17,1
0CDC7E3DB290,2022-11-16,1
0CDC7E3DB290,2022-11-15,1
0CDC7E3DB290,2022-11-14,1
0CDC7E3DB290,2022-11-13,1
0CDC7E3DB290,2022-11-12,1
0CDC7E3DB290,2022-11-11,1
0CDC7E3DB290,2022-11-10,1
0CDC7E3DB290,2022-11-09,1
0CDC7E3DB290,2022-11-08,1
0CDC7E3DB290,2022-11-07,1
0CDC7E3DB290,2022-11-06,1
0CDC7E3DB290,2022-11-05,1
0CDC7E3DB290,2022-11-04,1
0CDC7E3DB290,2022-11-03,1
0CDC7E3DB290,2022-11-02,1
0CDC7E3DB290,2022-11-01,1
0CDC7E3DE4DC,2022-11-30,1
0CDC7E3DE4DC,2022-11-29,1
0CDC7E3DE4DC,2022-11-28,1
0CDC7E3DE4DC,2022-11-27,1
0CDC7E3DE4DC,2022-11-26,1
0CDC7E3DE4DC,2022-11-25,1
0CDC7E3DE4DC,2022-11-24,1
0CDC7E3DE4DC,2022-11-23,1
0CDC7E3DE4DC,2022-11-22,1
0CDC7E3DE4DC,2022-11-21,1
0CDC7E3DE4DC,2022-11-20,1
0CDC7E3DE4DC,2022-11-19,1
0CDC7E3DE4DC,2022-11-18,1
0CDC7E3DE4DC,2022-11-17,1
0CDC7E3DE4DC,2022-11-16,1
0CDC7E3DE4DC,2022-11-15,1
0CDC7E3DE4DC,2022-11-14,1
0CDC7E3DE4DC,2022-11-13,1
0CDC7E3DE4DC,2022-11-12,1
0CDC7E3DE4DC,2022-11-11,1
0CDC7E3DE4DC,2022-11-10,1
0CDC7E3DE4DC,2022-11-09,1
0CDC7E3DE4DC,2022-11-08,1
0CDC7E3DE4DC,2022-11-07,1
0CDC7E3DE4DC,2022-11-06,1
0CDC7E3DE4DC,2022-11-05,1
0CDC7E3DE4DC,2022-11-04,1
0CDC7E3DE4DC,2022-11-03,1
0CDC7E3DE4DC,2022-11-02,1
0CDC7E3DE4DC,2022-11-01,1
349454004204,2022-11-30,1
349454004204,2022-11-29,1
349454004204,2022-11-28,1
349454004204,2022-11-27,1
349454004204,2022-11-26,1
349454004204,2022-11-25,1
349454004204,2022-11-24,1
349454004204,2022-11-23,1
349454004204,2022-11-22,1
349454004204,2022-11-21,1
349454004204,2022-11-20,1
349454004204,2022-11-19,1
349454004204,2022-11-18,1
349454004204,2022-11-17,1
349454004204,2022-11-16,1
349454004204,2022-11-15,1
349454004204,2022-11-14,1
349454004204,2022-11-13,1
349454004204,2022-11-12,1
349454004204,2022-11-11,1
349454004204,2022-11-10,1
349454004204,2022-11-09,1
349454004204,2022-11-08,1
349454004204,2022-11-07,1
349454004204,2022-11-06,1
349454004204,2022-11-05,1
349454004204,2022-11-04,1
349454004204,2022-11-03,1
349454004204,2022-11-02,1
349454004204,2022-11-01,1
0CDC7E3CF1E0,2022-11-30,1
0CDC7E3CF1E0,2022-11-29,1
0CDC7E3CF1E0,2022-11-28,1
0CDC7E3CF1E0,2022-11-27,1
0CDC7E3CF1E0,2022-11-26,1
0CDC7E3CF1E0,2022-11-25,1
0CDC7E3CF1E0,2022-11-24,1
0CDC7E3CF1E0,2022-11-23,1
0CDC7E3CF1E0,2022-11-22,1
0CDC7E3CF1E0,2022-11-21,1
0CDC7E3CF1E0,2022-11-20,1
0CDC7E3CF1E0,2022-11-19,1
0CDC7E3CF1E0,2022-11-18,1
0CDC7E3CF1E0,2022-11-17,1
0CDC7E3CF1E0,2022-11-16,1
0CDC7E3CF1E0,2022-11-15,1
0CDC7E3CF1E0,2022-11-14,1
0CDC7E3CF1E0,2022-11-13,1
0CDC7E3CF1E0,2022-11-12,1
0CDC7E3CF1E0,2022-11-11,1
0CDC7E3CF1E0,2022-11-10,1
0CDC7E3CF1E0,2022-11-09,1
0CDC7E3CF1E0,2022-11-08,1
0CDC7E3CF1E0,2022-11-07,1
0CDC7E3CF1E0,2022-11-06,1
0CDC7E3CF1E0,2022-11-05,1
0CDC7E3CF1E0,2022-11-04,1
0CDC7E3CF1E0,2022-11-03,1
0CDC7E3CF1E0,2022-11-02,1
0CDC7E3CF1E0,2022-11-01,1
0CDC7E3DCC6C,2022-11-30,1
0CDC7E3DCC6C,2022-11-29,1
0CDC7E3DCC6C,2022-11-28,1
0CDC7E3DCC6C,2022-11-27,1
0CDC7E3DCC6C,2022-11-26,1
0CDC7E3DCC6C,2022-11-25,1
0CDC7E3DCC6C,2022-11-24,1
0CDC7E3DCC6C,2022-11-23,1
0CDC7E3DCC6C,2022-11-22,1
0CDC7E3DCC6C,2022-11-21,1
0CDC7E3DCC6C,2022-11-20,1
0CDC7E3DCC6C,2022-11-19,1
0CDC7E3DCC6C,2022-11-18,1
0CDC7E3DCC6C,2022-11-17,1
0CDC7E3DCC6C,2022-11-16,1
0CDC7E3DCC6C,2022-11-15,1
0CDC7E3DCC6C,2022-11-14,1
0CDC7E3DCC6C,2022-11-13,1
0CDC7E3DCC6C,2022-11-12,1
0CDC7E3DCC6C,2022-11-11,1
0CDC7E3DCC6C,2022-11-10,1
0CDC7E3D9858
0CDC7E3DCC4C,2022-11-30,1
0CDC7E3DCC4C,2022-11-29,1
0CDC7E3DCC4C,2022-11-28,1
0CDC7E3DCC4C,2022-11-27,1
0CDC7E3DCC4C,2022-11-26,1
0CDC7E3DCC4C,2022-11-25,1
0CDC7E3DCC4C,2022-11-24,1
0CDC7E3DCC4C,2022-11-23,1
0CDC7E3DCC4C,2022-11-22,1
0CDC7E3DCC4C,2022-11-21,1
0CDC7E3DCC4C,2022-11-20,1
0CDC7E3DCC4C,2022-11-19,1
0CDC7E3DCC4C,2022-11-18,1
0CDC7E3DCC4C,2022-11-17,1
0CDC7E3DCC4C,2022-11-16,1
0CDC7E3DCC4C,2022-11-15,1
0CDC7E3DCC4C,2022-11-14,1
0CDC7E3DCC4C,2022-11-13,1
0CDC7E3DCC4C,2022-11-12,1
0CDC7E3DCC4C,2022-11-11,1
0CDC7E3DCC4C,2022-11-10,1
A848FA935460,2022-11-30,1
A848FA935460,2022-11-29,1
A848FA935460,2022-11-28,1
A848FA935460,2022-11-27,1
A848FA935460,2022-11-26,1
A848FA935460,2022-11-25,1
A848FA935460,2022-11-24,1
A848FA935460,2022-11-23,1
A848FA935460,2022-11-22,1
A848FA935460,2022-11-21,1
A848FA935460,2022-11-20,1
A848FA935460,2022-11-19,1
A848FA935460,2022-11-18,1
A848FA935460,2022-11-17,1
A848FA935460,2022-11-16,1
A848FA935460,2022-11-15,1
A848FA935460,2022-11-14,1
A848FA935460,2022-11-13,1
A848FA935460,2022-11-12,1
A848FA935460,2022-11-11,1
A848FA935460,2022-11-10,1
A848FA935460,2022-11-09,1
A848FA935460,2022-11-08,1
A848FA935460,2022-11-07,1
A848FA935460,2022-11-06,1
A848FA935460,2022-11-05,1
A848FA935460,2022-11-04,1
A848FA935460,2022-11-03,1
A848FA935460,2022-11-02,1
A848FA935460,2022-11-01,1
349454004300,2022-11-30,1
349454004300,2022-11-29,1
349454004300,2022-11-28,1
349454004300,2022-11-27,1
349454004300,2022-11-26,1
349454004300,2022-11-25,1
349454004300,2022-11-24,1
349454004300,2022-11-23,1
349454004300,2022-11-22,1
349454004300,2022-11-21,1
349454004300,2022-11-20,1
349454004300,2022-11-19,1
349454004300,2022-11-18,1
349454004300,2022-11-17,1
349454004300,2022-11-16,1
349454004300,2022-11-15,1
349454004300,2022-11-14,1
349454004300,2022-11-13,1
349454004300,2022-11-12,1
349454004300,2022-11-11,1
349454004300,2022-11-10,1
349454004300,2022-11-09,1
349454004300,2022-11-08,1
349454004300,2022-11-07,1
349454004300,2022-11-06,1
349454004300,2022-11-05,1
349454004300,2022-11-04,1
349454004300,2022-11-03,1
349454004300,2022-11-02,1
349454004300,2022-11-01,1
349454000FB0,2022-11-30,1
349454000FB0,2022-11-29,1
349454000FB0,2022-11-28,1
349454000FB0,2022-11-27,1
349454000FB0,2022-11-26,1
349454000FB0,2022-11-25,1
349454000FB0,2022-11-24,1
349454000FB0,2022-11-23,1
349454000FB0,2022-11-22,1
349454000FB0,2022-11-21,1
349454000FB0,2022-11-20,1
349454000FB0,2022-11-19,1
349454000FB0,2022-11-18,1
349454000FB0,2022-11-17,1
349454000FB0,2022-11-16,1
349454000FB0,2022-11-15,1
349454000FB0,2022-11-14,1
349454000FB0,2022-11-13,1
349454000FB0,2022-11-12,1
349454000FB0,2022-11-11,1
349454000FB0,2022-11-10,1
349454000FB0,2022-11-09,1
349454000FB0,2022-11-08,1
349454000FB0,2022-11-07,1
349454000FB0,2022-11-06,1
349454000FB0,2022-11-05,1
349454000FB0,2022-11-04,1
349454000FB0,2022-11-03,1
349454000FB0,2022-11-02,1
349454000FB0,2022-11-01,1
0CDC7E3DD34C,2022-11-30,1
0CDC7E3DD34C,2022-11-29,1
0CDC7E3DD34C,2022-11-28,1
0CDC7E3DD34C,2022-11-27,1
0CDC7E3DD34C,2022-11-26,1
0CDC7E3DD34C,2022-11-25,1
0CDC7E3DD34C,2022-11-24,1
0CDC7E3DD34C,2022-11-23,1
0CDC7E3DD34C,2022-11-22,1
0CDC7E3DD34C,2022-11-21,1
0CDC7E3DD34C,2022-11-20,1
0CDC7E3DD34C,2022-11-19,1
0CDC7E3DD34C,2022-11-18,1
0CDC7E3DD34C,2022-11-17,1
0CDC7E3DD34C,2022-11-16,1
0CDC7E3DD34C,2022-11-15,1
0CDC7E3DD34C,2022-11-14,1
0CDC7E3DD34C,2022-11-13,1
0CDC7E3DD34C,2022-11-12,1
0CDC7E3DD34C,2022-11-11,1
0CDC7E3DD34C,2022-11-10,1
0CDC7E3DD34C,2022-11-09,1
0CDC7E3DD34C,2022-11-08,1
0CDC7E3DD34C,2022-11-07,1
0CDC7E3DD34C,2022-11-06,1
0CDC7E3DD34C,2022-11-05,1
0CDC7E3DD34C,2022-11-04,1
0CDC7E3DD34C,2022-11-03,1
0CDC7E3DD34C,2022-11-02,1
0CDC7E3DD34C,2022-11-01,1
0CDC7E3E07A4,2022-11-30,1
0CDC7E3E07A4,2022-11-29,1
0CDC7E3E07A4,2022-11-28,1
0CDC7E3E07A4,2022-11-27,1
0CDC7E3E07A4,2022-11-26,1
0CDC7E3E07A4,2022-11-25,1
0CDC7E3E07A4,2022-11-24,1
0CDC7E3E07A4,2022-11-23,1
0CDC7E3E07A4,2022-11-22,1
0CDC7E3E07A4,2022-11-21,1
0CDC7E3E07A4,2022-11-20,1
0CDC7E3E07A4,2022-11-19,1
0CDC7E3E07A4,2022-11-18,1
0CDC7E3E07A4,2022-11-17,1
0CDC7E3E07A4,2022-11-16,1
0CDC7E3E07A4,2022-11-15,1
0CDC7E3E07A4,2022-11-14,1
0CDC7E3E07A4,2022-11-13,1
0CDC7E3E07A4,2022-11-12,1
0CDC7E3E07A4,2022-11-11,1
0CDC7E3E07A4,2022-11-10,1
0CDC7E3E07A4,2022-11-09,1
0CDC7E3E07A4,2022-11-08,1
0CDC7E3E07A4,2022-11-07,1
0CDC7E3E07A4,2022-11-06,1
0CDC7E3E07A4,2022-11-05,1
0CDC7E3E07A4,2022-11-04,1
0CDC7E3E07A4,2022-11-03,1
0CDC7E3E07A4,2022-11-02,1
0CDC7E3E07A4,2022-11-01,1
